CAP_1,CAP_2,CAP_3,CAP_4,CAP_5,CAP_6,CAP_7
0.9967792930123611,0.9977763986271739,0.997964122753668,0.9998936844786221,0.9999547664347681,0.9980154434346752,0.9990958889084659
0.9988925124164736,0.9994981366225576,0.9995110121455661,0.9999428909311342,0.9999019220940291,0.9997756652545484,0.9997668348895029
0.9995787403499032,0.9990849338029734,0.9996784468285526,0.9999541670980038,0.9999634421074047,0.9998554491492435,0.9998815083556604
0.999445286929659,0.9991048937648593,0.9994021396233637,0.9998233552382273,0.9997882398115385,0.9996418933788316,0.9993856898691813
0.9994574643773828,0.996641910421674,0.9995046800016341,0.9998968978820965,0.9995259572206189,0.9998533452127923,0.9994362493351078
0.9992602340901275,0.9994594133493281,0.9989295435093978,0.9997630939003894,0.9997463980807666,0.9986677563563338,0.9989722392999165
0.9954704340562692,0.9980120824167676,0.9983135627524657,0.9997620289027289,0.9998220653039513,0.9965947113347529,0.9987809524451383
0.9980851741714909,0.9976049925624023,0.9992892332083366,0.9998928062888195,0.9998308506100277,0.9996786972974439,0.9996395034512437
0.9989176898075263,0.998735078593602,0.9995432838269991,0.9998064198811628,0.9997882530616726,0.9996458113807155,0.9992275974445484
0.9969171791029383,0.9980414198232809,0.9976349351211117,0.9999458741758724,0.9999153900842447,0.9978323355856389,0.9989744593097821
0.9990173032354173,0.9980181716707857,0.9995503335444131,0.9998636640896136,0.9998230125266545,0.9996543953420499,0.9996905932923992
0.9973852026410577,0.9995888145844127,0.9985576860496773,0.9999140660310897,0.9998932787389115,0.9987454463813199,0.9993309097353916
0.9994194745337885,0.9991340998920216,0.9980886916171626,0.9998856802651117,0.9998577722490511,0.9983986612404411,0.9997361457157721
0.9996118153330178,0.999071740409481,0.9992316755200482,0.9999423715128325,0.9999117956796335,0.9998061424542284,0.9997542939982366
0.9985467320629843,0.9994918557273911,0.9990934693117457,0.9996654794633217,0.999665862844073,0.9978648828399592,0.9988181877888158
0.9994085475009339,0.9976996004272715,0.9998466730856098,0.9998972743040659,0.9998640083345219,0.999814809441825,0.9998242845331793
0.9990052712984167,0.9985328468885816,0.9985767386696847,0.99988657447722,0.9997990606510456,0.9986277113506833,0.9997187971947238
0.9966297809836213,0.9966698384293935,0.9993971658734349,0.9999486497144149,0.9998819561433469,0.9995271811361931,0.9997415054685213
0.9991034637295498,0.9989085657262217,0.998634955155948,0.9995056196214521,0.9993188250492286,0.9970682910573768,0.9983712027693267
0.9986132533151215,0.9979781215675642,0.9986720485315163,0.9997738402315751,0.9999252823414608,0.9984027484288232,0.9991571148658819
0.9976177393696858,0.9996316775404446,0.9972235024941133,0.9996986917925728,0.9996703042095288,0.9983835676615636,0.9994865608128743
0.9959199305410398,0.9987983510241196,0.9986545144881068,0.9997716029721904,0.999846086251387,0.9993388430824542,0.9993020909035758
0.9988473578514002,0.9983619925690378,0.9994534257737668,0.9999229143642461,0.9999119987323422,0.9997997972036359,0.9995311938558958
0.9958803032046731,0.9988110852329932,0.9987818480281061,0.999933403624831,0.9998799084937852,0.9985845010856441,0.9984980335318603
0.9994351791339121,0.9990641423808538,0.9997444319834041,0.9999145017456503,0.9998989708981382,0.9997573884260922,0.9998264181408627
0.9958390088548724,0.9989607751168484,0.9974406683145788,0.9998726321922313,0.9998754661510361,0.997939403815463,0.9990488194692575
0.9906750928440243,0.9963846898040415,0.9944847085330731,0.999664185310047,0.9995558675614367,0.9979017982310477,0.9975174532805037
0.9978090881573193,0.9988332020252104,0.9994304195367041,0.9999604774231452,0.9999107490335252,0.9998435640000872,0.9997905201072452
0.9991501832192025,0.999022284352364,0.9995700511133041,0.9999489554571823,0.999950613130671,0.9997291270931017,0.9997648827530281
0.9996187061580497,0.997670513213059,0.9990714015822193,0.9998962366570997,0.9997573588729344,0.9997276675592247,0.9998493198660747
0.998235279522348,0.9971523547620657,0.9994908066067043,0.9997478527621529,0.9998443227266833,0.9991248707468442,0.9994282599215456
0.9981954090624141,0.9993401585627062,0.9989142046197678,0.9998754518599099,0.9999492661703547,0.9983780463295142,0.9993618537974095
0.9984836963287765,0.9970549514934091,0.9994671379239837,0.9997540495254292,0.9999306568200315,0.9995290267384038,0.9998430228051269
0.999567229534368,0.999289544738572,0.9991297514503072,0.9999038289770391,0.9998899067741794,0.9991864783494334,0.9994868806147595
0.9992234556693592,0.9991304321142778,0.9994078701467587,0.9998541761912634,0.9998753806358198,0.9997872260816278,0.999725109697265
0.9994921975211489,0.9988981232352274,0.9996326838945352,0.9999360897909668,0.9999296819169209,0.9998802420462858,0.9998980573035985
0.9997953115574624,0.9994359025811544,0.9998304126987164,0.9999650507523495,0.9999698248257672,0.9998780726593108,0.9998718785894042
0.998180767746165,0.9993140208535882,0.997520239480204,0.9990382420394703,0.9991890603980349,0.9958741868205059,0.9958421052277683
0.999345622061681,0.9996568319908666,0.9992040816239366,0.9998180195098305,0.9998576175567008,0.9994014158234604,0.9994484551776599
0.9987166035084695,0.9959774022002054,0.9996714286060624,0.9997565318441589,0.9995556135781711,0.9998084673548631,0.9991203998475248
0.9989759396428891,0.9985680531186008,0.9995080420426327,0.9997657466064118,0.9997070741567321,0.99921673153824,0.998834509318216
0.9992285886862957,0.9969774542777933,0.999422824534751,0.9997852010858881,0.9999177823431697,0.9992782929469267,0.999814420123129
0.999568497672998,0.9984084003479928,0.9995758953342068,0.9999089620468913,0.999885930385552,0.9998471961088407,0.9997883864565326
0.9987814223500366,0.9980889256737115,0.9990962185922198,0.999889944646143,0.9998408825133813,0.9989961977840677,0.9995072555128047
0.9993618554058894,0.9962009398998938,0.9997013973923152,0.9998855074382954,0.9998642521248456,0.9998460307565472,0.9998991989831126
0.9990766598677941,0.9982377614959713,0.9995562178605079,0.9999163918142989,0.9999594919471125,0.9998526513293093,0.9999183006344176
0.9982834221158332,0.9974515989572789,0.9998161528519149,0.9997831697033054,0.9998582035907916,0.9999310201272544,0.9995477788166239
0.99897259495692,0.9983241021246532,0.9972293956345619,0.9996454632188764,0.9994089312786258,0.9976383526098379,0.9989145747348561
0.9989333999351261,0.9966852306347621,0.9993314147493024,0.9997449412245861,0.9994362158231528,0.9994328261406478,0.9985104072879131
0.9989933717526724,0.9992326643969184,0.9986401755799595,0.9997397841604487,0.9997635574280515,0.9988451241114331,0.9994915377729845
0.9973691915024498,0.9972643660967506,0.9991329184310814,0.9997876404293687,0.9998627350678685,0.9981342150377146,0.9996555055869039
0.998639939301214,0.9985382007611721,0.9994508771740189,0.9998474545219544,0.9998335298539831,0.9985989047678031,0.9990105610746016
0.9992372651789923,0.9973473215918888,0.9996518963255885,0.999845570969926,0.9998643626539134,0.9996664585811201,0.9998915260319753
0.9964987554280217,0.9988650957671615,0.9979806925355522,0.9997994606609707,0.9997062999723183,0.9982769443869636,0.9987610812377198
0.9980591416785272,0.998684658633112,0.9994614801530888,0.999896038819643,0.9998223260678049,0.9987066651012539,0.9995201718286948
0.9969751378030411,0.9968399945419465,0.9992702939593398,0.9998861801826544,0.9999352721645581,0.9996664202770833,0.9995055864761996
0.9988554051820583,0.9995590930581341,0.9993156293244948,0.9999645470330578,0.999941352719713,0.9996154926923815,0.9992369687202988
0.9993452550751847,0.9983267909645808,0.9997271832241279,0.9998653420589317,0.9998711683979026,0.9992974973026311,0.9998340317769151
0.9988697064533177,0.9994597419656048,0.9993425450592858,0.9997190767087095,0.9998247851487368,0.9986043255573115,0.9992486492820568
0.9961650545657283,0.9975775556373749,0.9988682730898395,0.9998596014716492,0.9998498988008652,0.9993865526891713,0.9988366786005052
0.9992121668513027,0.9971057609378965,0.9997908100516991,0.9999116745754462,0.9997195965696624,0.9997532862727887,0.9994332586459808
0.9987554813769061,0.9986954268172185,0.9992053141687718,0.9998727260120811,0.9999171178519148,0.9990059149377477,0.999759018086978
0.9995175489589219,0.9993784832790124,0.9996542295059919,0.9998169497551448,0.9998568232307085,0.9992536996747488,0.9995296609601809
0.9995720430681259,0.9989834242126273,0.9985598915453312,0.9999517605003508,0.9998918828709763,0.9995223166942397,0.9997293784557798
0.9978015274082126,0.9983795863536402,0.9993962634629644,0.999795741256303,0.9998184103607914,0.9994441159730535,0.9986771533689262
0.9988047205802364,0.9997561044328548,0.9988446076111532,0.999945969316086,0.9998645576955011,0.9994602612652561,0.9995552048966756
0.9988319163013458,0.9992556142451509,0.9992362348138147,0.9999425697387098,0.9998967394337657,0.9995460488732264,0.9993275407980793
0.9989639340934643,0.9982622510320314,0.9997967693009991,0.9999462653220158,0.9999543646865755,0.9995538559357348,0.9998330010356503
0.9985488140242066,0.9981897956412552,0.9996448189262535,0.9999054877518114,0.9999083631573428,0.999775545947113,0.999715419676012
0.9993951802100806,0.9996832641613936,0.9993193469274829,0.9999297277516234,0.9998701721470359,0.9997491042000526,0.9998245939799457
0.9988837060401855,0.9983953739952244,0.9994016739380555,0.9998180395319358,0.9999098856337763,0.9992756812478917,0.9998764995174649
0.9993383653765867,0.9978467263854214,0.9997657163245736,0.9999413709908196,0.9998630254454952,0.9999036826473889,0.999748465626092
0.9977556555880441,0.998240163286211,0.9990854210557327,0.9998304662012372,0.9998138102398134,0.9992312399348433,0.9992514002320607
0.9989634435149545,0.9997015172677062,0.9997354138669794,0.9999238708293368,0.9999285694560952,0.9995058259683894,0.9998620630372402
0.9986452810364231,0.9984587995149218,0.999726454760019,0.9998874476714988,0.9999463618752348,0.9998564291740984,0.9996969954578815
0.9975738864327185,0.9992094833389928,0.9991662635311943,0.9999137947221066,0.999783183279129,0.9990068667019412,0.9993173131939111
0.9990751857252783,0.9983211514401995,0.9994546033813052,0.9999489547320021,0.9999502090899041,0.9998513454904494,0.9998583077654973
0.9957223735168099,0.9995186071246775,0.9992849873765691,0.9998427621710164,0.9999387874200278,0.999128750321505,0.9993216858480857
0.998948943258275,0.9980856379850068,0.9985119628397671,0.9997141007375822,0.9998801271344893,0.9986749676238189,0.9994574833291759
0.99466294317078,0.9959323688399143,0.9967741781077085,0.9998611056571902,0.9998559835774572,0.9986307454149446,0.9988870692885895
0.9995012117465449,0.9988939957549509,0.999752174938452,0.9999446117924893,0.9999467028965389,0.9998765553249456,0.9999002122351576
0.996734687014027,0.9967110641081875,0.9995634753930763,0.9999123761815926,0.9999285669745883,0.999581274449683,0.9991057358451206
0.9957010751863405,0.9970617468426829,0.9952680336102139,0.9996503100079257,0.9998044465394709,0.9958972608479391,0.9989876916791076
0.9971314376019292,0.9984647547117251,0.9987927696937153,0.9998567658418832,0.9997981263031843,0.9981987734944255,0.999061295105536
0.9977763153033281,0.9974794413990833,0.9993306619364689,0.9999399795519068,0.9999188039545494,0.9998508616443378,0.9998480248238959
0.9985450555999342,0.9977147399545803,0.9985014445557491,0.9996030655546659,0.9994264633480778,0.9989654484785867,0.9990944105012226
0.9992629941019138,0.9987689028399189,0.999583924120052,0.9999107279261753,0.9999280100105974,0.9997646736731775,0.9999009499223959
0.9978218369928898,0.9990237584077989,0.999229232755779,0.9999404596089038,0.9998639977292506,0.9992423092155649,0.9993413675530342
0.9977940535704418,0.9990384445885679,0.9993197358745831,0.9998957054592987,0.9998884255503588,0.9998913667140651,0.9997662683539602
0.9980157047734552,0.9992559239936427,0.9997153086526749,0.9999432533395403,0.9999098673442887,0.9997120226344632,0.999463362684841
0.99887426048547,0.9997448883943907,0.9993787559626645,0.9999036557824783,0.9998936961735196,0.9997520384021632,0.9997196366556274
0.998931022427682,0.9991109455076258,0.9981355440945524,0.9997027014071572,0.9996661865461477,0.9983550268665287,0.9985913397937813
0.9987074516014884,0.9988043433516645,0.9994673587090118,0.9999241255015632,0.9999629227612721,0.9995230327313512,0.9997662539475778
0.9989173275815904,0.9984996625322491,0.9995413378081842,0.999863920526915,0.9999169354201252,0.9996897602751937,0.9997524091876654
0.9995505107566993,0.9996917619859066,0.9994847510381683,0.9999547970645066,0.9999368856849787,0.9996729132098799,0.9997968019455876
0.9993581477236595,0.9977624961872104,0.9997574086316692,0.9999463861734642,0.9998639875804456,0.9996448878590062,0.9998126350518801
0.9989073168712653,0.997935214990572,0.9994610450089711,0.9998939725101179,0.9998853532422255,0.9996193825259271,0.9997549601958418
0.9968655062503672,0.9968351521069061,0.9985967158347338,0.9998111720586617,0.9998766077478894,0.9990520466362598,0.9995869717861766
0.9987238288055025,0.9981308171994047,0.9985619124869168,0.9994731125621604,0.9996509281544236,0.9972690276283463,0.998316420523765
0.9957026650258798,0.9984525383534987,0.9991972438132184,0.9999267485801633,0.9999431299961309,0.9985399428956901,0.9988807961118007
0.999180618183951,0.999231074939167,0.9987203631724443,0.9998336781108791,0.9999535205051452,0.9985366413683733,0.9996706371423683
0.4235810318076785,0.5890549469020435,0.8751812268840077,0.9885400752510418,0.9928049176186525,0.7143439806533641,0.9823801214711041
0.9967516652377394,0.9982061020245682,0.9990853286219675,0.9997568330032512,0.9998222270088178,0.9992099803651833,0.9989216997218712
0.9980786961533082,0.9980708843609496,0.9992900661974703,0.999764888892601,0.9998691991752714,0.9991541061090747,0.999341678093082
0.9988474296953215,0.9990191072406597,0.9990960520004455,0.999887331025892,0.9999269210176448,0.9991643785954337,0.999716790965627
0.9988716014923711,0.9992838012341904,0.999385075080023,0.9999325543674649,0.9998525256208957,0.9997082109722264,0.9998723085293966
0.9992333300224799,0.9978786875472765,0.9996430911887793,0.9998939188971346,0.9998774166845147,0.9997304694741102,0.9999005379595741
0.9978744343422329,0.9974714740141334,0.9986540818057106,0.9997879937154824,0.9997924375464377,0.9988033472633313,0.9989209187696264
0.999230714227835,0.9984306785701597,0.9996677460529123,0.9998843310458078,0.9998804551833526,0.9995591046008776,0.9997981001965861
0.9990618082035847,0.9985883432479258,0.9989894305173225,0.9999432922415304,0.9999557184459393,0.9998990740007042,0.9999114514749241
0.9958992263015248,0.9988297052336027,0.9981671746648177,0.99986176214029,0.9997561075971814,0.997516790008512,0.9985768891724023
0.9988190651736214,0.998834455681713,0.9990657850586149,0.9996155200288438,0.9994483151805413,0.9989136009672339,0.9978486953913981
0.9977321889023831,0.9984118845048587,0.9981560461020924,0.9999145334463501,0.9999316311773495,0.9984715172053137,0.9987575342048807
0.9984437317543239,0.9975043821967046,0.9992862714272548,0.9999372016435278,0.9998861061525735,0.9995421732984683,0.9997029722497858
0.9989146642013081,0.9990204180310581,0.9992222206397118,0.9998688349162368,0.9999034380320703,0.9996254913390711,0.9997632015905049
0.998621195409849,0.9983923663006057,0.9994531732554354,0.9999010910597078,0.9999349603845802,0.9997667179136749,0.999758978129789
0.9996068450286322,0.9980527508296761,0.9988360592595065,0.9999536769266156,0.9999328054298506,0.9994592472540513,0.9995574890027884
0.9995548735905215,0.9997634608233933,0.9996652093444792,0.9998246670075028,0.9999133516149464,0.999632572332683,0.999804061538591
0.9976269630312881,0.9990741870842446,0.998874509835062,0.9999591420426891,0.9999178623777243,0.9991377061113554,0.9992256292039424
0.9996038608815763,0.9990979729783791,0.9990237732602812,0.9998275926210493,0.9998310467529941,0.9993057690409427,0.9997329298605233
0.9982077256051353,0.9994133645384006,0.9993307285975703,0.9999293023672253,0.9998150151331265,0.9994024911509868,0.9994189523428874
0.9976791788376765,0.9982442349532605,0.9994837517604763,0.9997915897674676,0.9998106950473129,0.9996138985019359,0.9992822157087262
0.999431840120738,0.9990327198075908,0.9993302543483216,0.9996442734973064,0.9996608330737344,0.9975740744127135,0.999080104408735
0.9984427230447785,0.997712963199371,0.9992291630068448,0.9998186064172264,0.9998120699359784,0.9997311394743656,0.9997170044268826
0.9983483932798533,0.9995413715422433,0.9993536534065742,0.9999372605016866,0.9999441462077419,0.9997410218660607,0.999854068280635
0.9976020356255478,0.9973553446582334,0.9989942904145035,0.999936309903519,0.9999529339681655,0.9997594201522757,0.9998030612250962
0.99810608970305,0.9980456510973469,0.9991272504687522,0.9997292352552113,0.9998109194523249,0.9990961781284556,0.9991028964067588
0.9996162794007815,0.996483948023678,0.9996363224834149,0.999888918648786,0.9998686083002575,0.999882118283653,0.9998548782617446
0.9986762670982545,0.9987207550786272,0.9992260454290932,0.9999631940370659,0.9999119760850033,0.9994252193218416,0.999869552356676
0.9969900010234921,0.9992426132748914,0.9975052313686918,0.9997244197382322,0.9997663844983756,0.9984627545361051,0.9980363165439738
0.9990238945542328,0.9975494559055395,0.9992614910943735,0.9999094110068357,0.9999182327348716,0.9996796289634746,0.9997998411603243
0.9992963965012012,0.9982691196074187,0.9989948005253435,0.9999199258984877,0.9998382387529114,0.999888715150719,0.9998169869627812
0.9995589890052867,0.9996970814938565,0.9996219904425584,0.9999518479749839,0.9999179230658405,0.999854136642724,0.9997371604810772
0.9987483155494052,0.9984717609284601,0.9991166723962269,0.9999209818460169,0.9999249403070151,0.9993480465110043,0.9996499164999166
0.9992581545665549,0.9981730529432644,0.9996390009471041,0.9996012229811666,0.999647118183284,0.9977325907540128,0.9987037580103827
0.9945296360468694,0.9968949688550645,0.9966457406722788,0.9999199768091733,0.9999398437311905,0.9979455315895758,0.9991363408321112
0.999448956931969,0.9974378948565674,0.9997683039588329,0.9998473356070442,0.999778055941709,0.9996248359710771,0.9998246092770221
0.9989956598024636,0.9989361153897329,0.9987390296387665,0.9997659313724624,0.9998226525255611,0.9987940749563252,0.9993694287367445
0.9984738943273439,0.9993903055850357,0.9996757876438293,0.9998665188346244,0.9999396056428074,0.9994700278951034,0.9996721844554762
0.9993300103168249,0.9979968433857973,0.9989136420531843,0.999861539635782,0.9999029993027015,0.9996893960303651,0.9996826456494183
0.9978703190778373,0.9994234932897595,0.9974331017548713,0.9996907504977015,0.9997781863839438,0.9976005173265245,0.9989024105757618
0.9959970620257352,0.9956507888365052,0.9979936499238043,0.9997002924873316,0.9998681264491305,0.997393028653871,0.9988421676561465
0.9987588354284546,0.9977579146126028,0.9996655104310875,0.9999123729454341,0.9998829344584399,0.99983233013878,0.9998656819788971
0.9973593337211288,0.9974501046764013,0.9997642949440637,0.9998507976819632,0.9998747785495261,0.9998750810851267,0.9996986308571183
0.9990573896493411,0.999292676695627,0.9996591681756642,0.9999292909828165,0.9997751054947583,0.9998088436466857,0.9993151285714728
0.999235602060978,0.9970664045272861,0.99921345089688,0.9999076548976722,0.9998942883086379,0.9995976455461765,0.9996859236756864
0.9997950826385241,0.9982671751882645,0.9994373077251841,0.9998527070854101,0.9996607133925742,0.9995277879193447,0.9993973029311781
0.9996167513130448,0.9997242335864227,0.9987885587309884,0.9999360158645496,0.9999186331239842,0.9996572538270403,0.9998625719822458
0.9978280287375237,0.9921587193861752,0.9991986314642296,0.9998021825228192,0.9996821256650082,0.9998406978459196,0.9986410823744003
0.999268638739517,0.9978852165551366,0.9992575922421166,0.9999213614680045,0.9998895119697758,0.999899126210715,0.9998653854000311
0.9988068937412912,0.9985432829039288,0.9993795213294613,0.999911073319218,0.9999232512747805,0.9999272602708217,0.9996897171076885
0.998812260259638,0.999096965605973,0.9985661357957838,0.9998590828542075,0.9997789885947003,0.9984757402268024,0.9989642345157309
0.9997409933775244,0.999678263871668,0.9997747806760459,0.9999593548403732,0.9999053481435562,0.9999147570978493,0.9999114515139772
0.9964263941327705,0.9982697443004345,0.9961505300222938,0.9997527390189488,0.9996997540743804,0.9978127060481585,0.9991117582767927
0.9964635055600894,0.9969323607825008,0.9992034439294146,0.9998382520159395,0.9998712956625281,0.9991522117505482,0.999399112567678
0.9987778251751501,0.9978282768566225,0.9997128728760194,0.9999194626420925,0.9998563563149684,0.9998072544844527,0.9994335285767677
0.9988643929737937,0.9981368680154653,0.9996099888693977,0.9999228208536298,0.9999327843379804,0.999771670954933,0.9996207550487892
0.9995657217727727,0.9994593312659183,0.9995315178475411,0.9998835651002632,0.9998873420586604,0.9998881550129303,0.9997665069786933
0.9993227898547093,0.9983721040672966,0.9992697987242082,0.9999261119232239,0.9999453799484335,0.9998885595487287,0.9998287209309137
0.9995741911576894,0.9995423146494571,0.9997063472696449,0.999932367849269,0.999925753416301,0.9999131558901055,0.9998684273333843
0.9989819083855507,0.999066815291754,0.998046900415402,0.9998639700615933,0.9998284365905251,0.999573477395939,0.9998237974777936
0.9974886721309382,0.9972044680209319,0.9997378012894158,0.999799945540356,0.9998740793607064,0.9997491629444748,0.9997862119988224
0.9986615564876629,0.9994426836547342,0.9995583370196824,0.9998222341453341,0.9999264336390938,0.9995374543116771,0.9998096417987961
0.9986109528419562,0.9960675417615054,0.9993470416039689,0.9998767194695206,0.9997749862618632,0.999588582301386,0.9996656480404527
0.9956448911392723,0.9976360598888402,0.9983278543375547,0.9998764411718886,0.999907654772894,0.9989128268082204,0.9988164431285913
0.9986786355529621,0.9987418524545468,0.9998499735523126,0.9998927786730918,0.9999157483704763,0.9998895829006679,0.9997696887942324
0.998888354168642,0.9989886790924617,0.9986988480165453,0.9998573947273637,0.9999361191896291,0.9988735848893645,0.9995148948016495
0.9978807974465346,0.9980013994534506,0.9988665112555193,0.9998255792486495,0.999885879559539,0.9995887102180653,0.9997686953402044
0.9994580949535572,0.9995451516677929,0.9993761237306147,0.9999232377925434,0.9999459997337655,0.9998054246458592,0.9998377584137407
0.9990988328316005,0.9995782743207385,0.9991590483178195,0.9998688503922479,0.9998509013454122,0.9996582574846502,0.9992438117758013
0.9989604866603595,0.9979675284518559,0.9978419799374905,0.9996100880675537,0.9998789195996106,0.9963798130767618,0.9995413702972391
0.9990554937863558,0.9972078487454106,0.9990586158557138,0.9999431432760779,0.9997735150326812,0.9998546620970475,0.9999203598646483
0.9994217871508032,0.9980307048818985,0.9987837785854075,0.9998235901879035,0.9998195807616481,0.9996815021550631,0.9996782538176613
0.9933339678437288,0.9976868392988345,0.995659062073826,0.9995384900194568,0.99957219799978,0.9966108617821613,0.9973028996356176
0.998310304906,0.9990748389181743,0.998636749666758,0.9999388911491044,0.9999657037970922,0.999429277027579,0.9998213356891802
0.9980707293011661,0.998825690719306,0.9997779189154289,0.999901922843512,0.9998149316834821,0.9995293197903685,0.9993484323979267
0.9967138668069763,0.9987428059069648,0.9981957991725666,0.9996710002518602,0.9995840543506445,0.9975525360500211,0.9977275636756681
0.9978083864080781,0.9959958406965679,0.9997146714978273,0.9998306492257077,0.9999281324115915,0.9996549403183961,0.9994628674049719
0.9994785850377814,0.9997508139822748,0.9996857607700494,0.9998302072577405,0.999767358678875,0.9995253555980358,0.9994812955403122
0.4449586818366228,0.5888860004761106,0.8944983066142664,0.99028685755924,0.9929671647890916,0.726986482482407,0.9820426593170049
0.9983332865702139,0.9973703938706872,0.9990459334458855,0.9998291555969038,0.9998652358950452,0.9997221412737411,0.9998019064431594
0.9984430670382983,0.9982110387818766,0.9989159710627374,0.9999276614314057,0.9999006534981307,0.9996479917691566,0.9998437127753125
0.9992671457321596,0.997310296469207,0.9992608128773606,0.9998854324194366,0.9997758091695238,0.999290651310179,0.9994678925661371
0.9988418238917711,0.9955572699284059,0.9997802909035142,0.9998455412403534,0.9997993120687395,0.999818842584925,0.9998403590988064
0.9982076005110705,0.9986286939245012,0.9980568919982132,0.9998668606227159,0.9998114978573288,0.9992075360806768,0.9990559502103397
0.9994446103734304,0.9983525871332951,0.9995745065483693,0.9999016248386047,0.9999170453945655,0.9998491680174263,0.9998186040308912
0.9967457799464174,0.9992577069469303,0.9986076892666335,0.9998033512084412,0.9999054094676288,0.9974144325696691,0.9993009061874538
0.9988801895338424,0.9973059410972483,0.9997244191009682,0.9998990454473211,0.9998246731295405,0.9999276146031247,0.999858046491779
0.9991948852458686,0.9992851448391696,0.9996929183254624,0.9996632822335599,0.9995613450666593,0.9982166218377337,0.998856741659294
0.9961650153497207,0.9957265242616999,0.9985574379005348,0.999788898431855,0.9997814898199415,0.999246931300383,0.9996332451006235
0.9995116218195295,0.9993689331719718,0.9996727049595434,0.99995777392806,0.9998863405297405,0.9998816315918931,0.9997680042558603
0.9995525105774757,0.9983358489461651,0.9993694117332025,0.9999477988007971,0.9999064932409312,0.9998216438213942,0.9997417248826281
0.99834997413894,0.9987687610695664,0.9993131152957202,0.9997971834340201,0.9996206030016357,0.9990570711098179,0.9985772528189772
0.9996070032542436,0.999249570538846,0.9992424660043054,0.9998481640616111,0.9998124811156938,0.9982230868399362,0.9998574957378219
0.9983963899130426,0.9991833373275594,0.9996167715589243,0.9999272093161474,0.9998378375087306,0.9993458888549623,0.9994384505016896
0.45045378539123093,0.6129710648600718,0.8752242297485101,0.9924776676289854,0.9927495266346054,0.7156617046365891,0.9867356178537032
0.9992226383939289,0.9952507358687324,0.9991770709868312,0.9996847886339667,0.9998305770835502,0.9983944735020241,0.9995266379791101
0.9987853745561601,0.9981485881937988,0.9994026505444115,0.999922446801037,0.9998463345293256,0.999808194804124,0.9993862865446652
0.99914754767834,0.9987399545228727,0.9986673832042492,0.9999010579328468,0.999896387819201,0.9985300646948592,0.9995622371649595
0.9970455835573858,0.999484209648133,0.9994227192708076,0.999920458667112,0.9998258007623445,0.9990155526759282,0.9995722068858942
0.9988423774491194,0.9989800718487682,0.9997578477348593,0.9999432862080506,0.999951189276457,0.9996607230994408,0.999741678016029
0.9985872259387717,0.999036144121729,0.9982673022311407,0.9998839657971447,0.9998810230797567,0.9992391268961448,0.9994878689833615
0.9970064100832589,0.9978646702218332,0.9968988050237064,0.9998151743711526,0.9998307259289985,0.9979381942732894,0.9984531223655756
0.9977215222562119,0.9907368166034808,0.999332405998787,0.9996908517195264,0.999761212668669,0.9997691380578106,0.9997081645814073
0.992614139610696,0.9988016093098381,0.9977189462960792,0.9997695288582057,0.9998052828836816,0.9970394514251044,0.9979064695394549
0.9969994063149525,0.9968322510885244,0.9982448470937851,0.9999375290211396,0.9998708122438785,0.9998174504313444,0.9994887954582096
0.9989750546362718,0.9981749785378897,0.9995692548712056,0.9998913215251866,0.9998863603595823,0.9995445542571362,0.9996359774198219
0.9994427618081292,0.999223903170797,0.9994601956060699,0.9998730705422287,0.9998661952360273,0.9988197484595941,0.9998844694237492
0.9951287892021004,0.9875436502363293,0.9985930321755793,0.9998910106147881,0.9998406110860533,0.999791546183302,0.9994325166509842
0.9989838099861622,0.998786617059414,0.9998224428607911,0.9998729942777903,0.9999145439683959,0.9995789570643352,0.9995845296406318
0.998301307737385,0.9990969173745966,0.9993521933014237,0.9997692777743952,0.9996128681991197,0.9980711751583896,0.9984910055404225
0.9995261476020137,0.9984188374149923,0.9996049960888281,0.9999478168643747,0.999940174586188,0.9996246691041328,0.9998513508321141
0.9986712376922285,0.9969441408601944,0.999312629865782,0.9998553172589373,0.9998271102283576,0.9997281593120809,0.9994250872081377
0.9991719203576672,0.9991351019881873,0.999040039036104,0.9999005155765713,0.9999235998344937,0.9989578116094726,0.999587819917207
0.9992301929141546,0.9982839879935643,0.9996001801599245,0.9997883009986382,0.9998203530427976,0.9992512990256149,0.9994212056815343
0.9982513367484566,0.9983814476321253,0.9984135237959958,0.9998756501647221,0.9998268606589507,0.9992720107807529,0.9997843853115504
0.9984793538984984,0.9972195986670311,0.9997549897296428,0.9998561471245279,0.9999257149114387,0.9998199332493218,0.9997340178018862
0.9985321014653558,0.9996690931820841,0.9976921031890107,0.9997891533530824,0.9995684809272272,0.9978336633584302,0.9989883192909195
0.9998067707203075,0.9993964618548523,0.999832997025971,0.999716018511182,0.9998592053428585,0.9989832906619457,0.9994716291930854
0.9994293310193882,0.999221824049888,0.9995422144284877,0.999941366436915,0.9999378889671617,0.9996374196691578,0.9998098681791884
0.9977600644061584,0.9994050199453135,0.9992064502338939,0.9999265394041694,0.9998028595599774,0.999223873329392,0.9991371600248331
0.999197698395779,0.9994700823737003,0.9995511468172416,0.9999402974111377,0.9999192089982608,0.9989774307911059,0.9997565859686303
0.9987467950751374,0.9994515424059346,0.9979231583327156,0.9996944906085234,0.9996887561133803,0.9987675063345827,0.9988820042630996
0.9964109263619306,0.9973763252811146,0.9983446066957536,0.9997236368945281,0.9999283815758715,0.9990551676954198,0.9995723533667901
0.9983211391648306,0.9995090536025097,0.9992688184138088,0.9999292044289143,0.9999265420352063,0.9993758893881027,0.9994467590677159
0.998491016741689,0.9976242267738631,0.9997584732310876,0.9997472120639926,0.9998452584013804,0.9989277393142617,0.9994849904427362
0.9978356850888944,0.9992903582628674,0.9997712645268226,0.999872670601316,0.9998969573742127,0.999840648263207,0.9998903410886811
0.9985441648216984,0.9986304854810245,0.9997652349705332,0.9999247740340786,0.999959456170595,0.9995247041681967,0.9997400831039585
0.9992160910809076,0.9989626104480556,0.9996198013655382,0.9998238888786027,0.9998765844584706,0.9996311775712183,0.9998176124080974
0.9986446039519229,0.9994082351852913,0.9996545713848982,0.9999413868342001,0.9999444087725867,0.9996133290011768,0.9998050119162886
0.998885460528177,0.9990539350490537,0.9994760392770126,0.9999324723995373,0.9999677590902096,0.9998176178388845,0.999872013767172
0.9994402679276695,0.9993649045882873,0.9997884128236272,0.9999365488462589,0.9999387217651711,0.9998382564179605,0.9995820788933435
0.9995889225949832,0.9986812005152298,0.9992493903916931,0.9998782246685258,0.9999246882024021,0.9992029628680357,0.9997272742542007
0.998925180604104,0.9982143711908652,0.9990209727145033,0.9998631942294615,0.9998664875271177,0.9990610731723507,0.9998217990506455
0.9993853713724251,0.9992468604188516,0.9995616978724828,0.9999646991386968,0.9999519164410161,0.9996554030102107,0.9998493066794585
0.9959837531368612,0.9965972953315169,0.9971128337723466,0.9997726852548396,0.9996571530565443,0.9985754242179795,0.9992615759162455
0.9997448380270031,0.9989113804890506,0.9994628944113233,0.9999359087179821,0.9999452842722019,0.99970810384889,0.9998817977622142
0.9988822789511855,0.9993427865164495,0.9997452133606336,0.9998640184471705,0.9997770582300776,0.9990604120728642,0.9993836817457548
0.9997409518394956,0.9995366872722675,0.9990404843076715,0.9998221424218786,0.9998778026114289,0.9995076926788258,0.9997813909080197
0.997461996581471,0.9974876233168825,0.9996485279128126,0.9996089581923714,0.999647836016374,0.9995752761246317,0.9984086000569546
0.9987995746917734,0.9982313527996777,0.9996320823304747,0.9996811067897633,0.9998278510067686,0.9987941125476865,0.9991246407660007
0.9996619430514085,0.9986339119060648,0.9994718289411049,0.9998956413761932,0.9998282458021166,0.9996304784038385,0.9997763488344276
0.9980993578384302,0.9992644998049164,0.9997789475894024,0.9997839153788858,0.9998019250250683,0.9992312343790415,0.9993548354001407
0.9987987380067137,0.9988220940124285,0.9985579135361735,0.9999118104685635,0.999914181905847,0.9993494386654623,0.9993528878736629
0.9961087168064502,0.9958719754334286,0.9995298184940603,0.999869081556153,0.9998923685735159,0.9986933612865965,0.9994540777053706
0.9992277900490875,0.9987714848499141,0.9996333334878134,0.9999535947843092,0.9998691341140915,0.9997849553465661,0.9996135616730488
0.998366660689576,0.9977582927834822,0.9994734243215833,0.9998232281999218,0.9998831864613309,0.9994843744839971,0.99934372422073
0.9983072587125327,0.9981566612841389,0.9996223472716395,0.9998803017103627,0.9999234525651992,0.9989374283698534,0.9994506030178052
0.9995099989190442,0.9994011320665196,0.9993166445498156,0.9999242365054136,0.9999470200740157,0.9997025181223094,0.9996853866338997
0.9995655939210968,0.9982039718565824,0.9998164531326056,0.9999274248151218,0.9999251157375517,0.9998617258360404,0.9999161144376254
0.9995774729215053,0.9993879857779966,0.9996914422960084,0.9997286163554575,0.9999113803428239,0.9996747823119586,0.9996408789979783
0.9988383316834947,0.997657258355805,0.9992570388348647,0.9998776476532466,0.9998450545847394,0.9997366261786635,0.9994512396771522
0.9977898799323051,0.9970982033612231,0.9996791208290225,0.9998891352097615,0.9999023652756867,0.999693935539966,0.9998466649852698
0.9982409097528641,0.9980060898721943,0.999231818331954,0.9998808574908388,0.9997508275695699,0.9992162984074634,0.9995959580707058
0.9993854940954626,0.9988902943092263,0.9992393916346921,0.9999639275972607,0.9998062132026627,0.999535447769761,0.9995822085839732
0.9980784988366134,0.9972134286833394,0.9991675588260013,0.9998744797228395,0.9999401435744067,0.9996806125163032,0.9997434963511334
0.7185896008952402,0.3270837792668928,0.9227667323078624,0.9925622436583574,0.9843878065042538,0.868432244838996,0.9759381297827656
0.9988462359179582,0.998307891435603,0.9994792623536694,0.9998064259266604,0.9999295812684744,0.9996634913430081,0.9997663011318296
0.9996747059904288,0.9992539540780088,0.9998127089551503,0.9999366893669993,0.9999231027913628,0.9998509417829062,0.9997573211811526
0.9995044689365102,0.998644810889757,0.9994654096183526,0.9996455802123709,0.9998050840681341,0.9992123010424053,0.9991763138705801
0.9995063678757983,0.9986974030713801,0.9992925896291096,0.999853585670335,0.9996825890620359,0.9996134801456406,0.998917070123181
0.9990203456013814,0.9996942548332026,0.9993397253281465,0.9999461540994666,0.9999466951839331,0.9998002258538197,0.999855371892783
0.9981720983365796,0.9968830456860938,0.9994262499928924,0.9999374564147991,0.9998503196600154,0.9998506759511592,0.9995003671187062
0.9994893223164466,0.9989950521953639,0.9996427100844341,0.9999505047931778,0.9999523634346092,0.9998731018323389,0.999825460560671
0.9979417905413933,0.9986817729577627,0.9987680421606276,0.9998241348060015,0.9997400194057336,0.9998200271310228,0.9991394053309549
0.9986190739890252,0.9983006175131277,0.999041573769098,0.9999592972622825,0.9999578037734466,0.9995822612717744,0.9995512084608876
0.9900791497368292,0.9985113281245842,0.9945235849795538,0.9995307915734674,0.9996841777234085,0.994902928968321,0.9967437697452358
0.9993274333302601,0.9996552330689216,0.999866377116126,0.9998923124612873,0.9999445889867272,0.9999244153660898,0.9997836413706892
0.9992111165238882,0.9990187699816176,0.9995619399679618,0.9999196966047251,0.99994278101042,0.9996792147524394,0.9997943336106905
0.9996425110091324,0.9985731100172327,0.9996704515025323,0.9998813837131546,0.9999244555727254,0.999839215174164,0.9999023381363368
0.9987400047826532,0.9990211020331392,0.9987279485341543,0.999931007257602,0.9998491047986905,0.9997190623870472,0.9998363920091426
0.9994233955383178,0.9996353685099099,0.9992166505185421,0.9997977593897495,0.9999027320379733,0.9982702955809732,0.9994349843249954
0.9995041823142913,0.9998113071779053,0.9998103282775231,0.9998969878244275,0.9998954893463422,0.9998285964209321,0.999732941493573
0.9996846799742898,0.9983107077017991,0.9998264466050707,0.9998622708067172,0.99988427899144,0.9991978249941327,0.9998310321208621
0.9974968612606854,0.9978221915875731,0.9978651122412291,0.9997966945649657,0.9999229379792061,0.9984847896564721,0.9990803512684818
0.9989828310850278,0.9976604941010002,0.9992444520532209,0.9999137975375421,0.9998661370568678,0.9998075804674553,0.9996945187440233
0.9965233674199194,0.9946967609985343,0.9977830167015732,0.999947298767534,0.9998262445712487,0.9998640786617271,0.9994999746913851
0.9971650544219278,0.9951300933105652,0.9990399493574998,0.9998428098252807,0.9998836934300863,0.9997901159604913,0.9996980890170727
0.9982694247057108,0.9992673000845742,0.9989259409021325,0.9998154545733978,0.9998384731286595,0.9985847259055699,0.9992999953113602
0.9997918011999185,0.9993817707522497,0.9994888785946374,0.9999196022752492,0.9999442108400575,0.9998995436472515,0.9997421767214149
0.9995307973691445,0.9992710508108821,0.9997744492559241,0.9999437205881684,0.9999444209935376,0.999836236056435,0.9998511392158186
0.9992511562533481,0.9990625008215045,0.9993005284485197,0.9999350788870295,0.9998313544516728,0.9996677294335234,0.9996025299774398
0.9994538766090729,0.9984372013673609,0.9995129402913314,0.9998352582696638,0.999890746958879,0.9987977335470428,0.9995139013111222
0.9993628724720022,0.9991532703443908,0.9996154658380352,0.9998939671488524,0.9999333942934755,0.9994794959923321,0.9996614362447299
0.999613019199229,0.9969149655017923,0.9995785998801925,0.9999216337841529,0.999927321747088,0.9995613422670169,0.9996785970124529
0.9982721343682618,0.9980909683646743,0.999429574175042,0.9999441958593003,0.9998824224077902,0.9998252853667551,0.9996051825210966
0.9984937609937743,0.999013332561137,0.9968310255982591,0.999761782082284,0.9998177611074918,0.9986889306759641,0.9998833210655264
0.9994055255715952,0.9987921059773548,0.9998506156575266,0.9999433641372962,0.9999059317935806,0.999831650554741,0.999770771745368
0.9992313886830434,0.9973735542410954,0.9997755415890381,0.9999047747592164,0.999851292722672,0.9996660002693633,0.9999070189302227
0.998576120992064,0.9969872371667464,0.9992435626374827,0.9998642643821266,0.9997628709076651,0.999509844361024,0.9992870647074475
0.9991862550181977,0.9993986503892065,0.999740272472503,0.9998928092218017,0.9999445797619845,0.9998470761198579,0.9998381097579003
0.9988868716048083,0.9987683857332001,0.9988287646698703,0.9998582164530792,0.9997767287084125,0.9992132870888424,0.9986249619535869
0.999168136987561,0.9993636451584282,0.9993017198519204,0.9999475800357314,0.9999455104741718,0.9994625391310024,0.9997197074835181
0.9976325990303709,0.9972369172758212,0.9983066257383554,0.9998425302677698,0.9998937770852074,0.9986988177337891,0.998853336341892
0.9989030808424063,0.9989517913228573,0.9996350206650635,0.9998883325638448,0.9999082329854212,0.9998336068838585,0.9996722008995763
0.9992937818515419,0.9986593574338684,0.9997423076090407,0.9998953759060624,0.999931419142054,0.9998670719152575,0.9996442382803751
0.9983803821536819,0.9982499971861274,0.9981797919834025,0.99966059937596,0.9994929126384732,0.9974960757232727,0.9991048351773303
0.9994161739565247,0.9984375487219752,0.9998192819193336,0.9998811991577746,0.9999455218610012,0.9999064806148494,0.9997818965393132
0.9980885640834095,0.9990101320230853,0.9993268846723491,0.9996522262149292,0.999700623533085,0.9977363977834254,0.998693601488471
0.9987557795440916,0.9990777759674518,0.9998654096540067,0.9998748558055582,0.9999088888346425,0.9994866498533332,0.9996062120796425
0.9994711872028192,0.9986655416709875,0.9988430974553046,0.9999034537207048,0.9998712675277242,0.9994943550142179,0.9996935464651471
0.9993254053048133,0.9967577418327462,0.999199641349148,0.999818283973684,0.9998029288647577,0.9997240626017723,0.9997860697530329
0.996862718917679,0.9981562151042589,0.9991886047195401,0.999924900734019,0.9999182226831829,0.999118496286075,0.9994600335042745
0.9995953206519516,0.9989613258850182,0.9998298749970607,0.9999170640081086,0.9998639411679213,0.9996705449820574,0.9997106839091893
0.9953343417632342,0.9976256380157362,0.9950839784096505,0.9998800086888346,0.9997618273348106,0.9977519578742251,0.9989394260227975
0.9985768148794745,0.9972056397101098,0.9994370332601699,0.999904194166114,0.99980268095708,0.9997182897362171,0.9994496934868257
0.9991637448066477,0.9984272228528673,0.9983728443076119,0.9996555372574939,0.9994216880319766,0.9985623853627139,0.9989971666623257
0.9993509847298764,0.9964820145267471,0.9995888351432856,0.9998872464565485,0.9998769201920075,0.9998832733138179,0.9998541862406553
0.9985444434550003,0.9993467890554164,0.9995471181185619,0.999893997163557,0.9999545019634364,0.9997637669263495,0.9997901138292158
0.9933282109137783,0.9957819216459902,0.9982220836785329,0.9995429530614346,0.9991051642793578,0.9961459195808786,0.9965485859499479
0.9994655887015201,0.9995184989136447,0.9996933787899915,0.9999538536348525,0.9999058116055927,0.9996908111799653,0.9996580715105979
0.9997175975363711,0.9991591353370768,0.9993922236499172,0.9998370454767821,0.9999094949639465,0.999861245214955,0.999814467229639
0.9984346965390606,0.9979034760242163,0.9988820756234897,0.9997689425332958,0.999771750306053,0.9994837608940077,0.9992773693195578
0.9979295557933568,0.9972803057387499,0.9990521276956411,0.9999397372155118,0.999944718473915,0.9998275434549593,0.9997119700053739
0.9988433986653877,0.999148331075438,0.9988780329047129,0.9998551124193915,0.9998599218021755,0.9988619433850775,0.9994456132083543
0.9975320703079877,0.9983122569105214,0.9985637375758614,0.9998064950168476,0.9998971141633939,0.9994923783935317,0.9994643579629635
0.9953704483142247,0.9970944016724492,0.9985348867394497,0.9998065542269015,0.999844361161944,0.9985750886735649,0.9985937114529922
0.998840290851307,0.997749207227478,0.9981058760279975,0.9998076505093919,0.9998121446215473,0.9990879611979171,0.9996834089805163
0.9996159217405305,0.9992685633557555,0.9995744011959503,0.9998498241506107,0.9999271870898309,0.9996592148126054,0.9996639042301635
0.9992678259439963,0.9986853851287423,0.999312176340693,0.9996347357054998,0.9993854706706116,0.9981220648619429,0.9977839447269294
0.9987822612221368,0.9974302253006642,0.9997006196081568,0.9998318765375884,0.9999105872028003,0.9998480473277515,0.9998314071547038
0.9990495363194252,0.9986343114339049,0.9995177157889074,0.9996266343393609,0.9994723804928929,0.9985831301053988,0.9982978343702388
0.9994881301314262,0.9989553498223718,0.9995292948050073,0.9998104252236445,0.9997713018813946,0.999448263444784,0.9994101334604875
0.9986993620104253,0.9991506537172733,0.9994968859840664,0.9997744938692966,0.999891363596763,0.9986096439097951,0.9992547354863017
0.997189234217359,0.9989637684883415,0.9984463397011699,0.999822051115096,0.9999232675276569,0.9977764294993595,0.9989849201862754
0.9992501939098944,0.9989586150780063,0.9988170260441382,0.9998129577170578,0.9997387674733824,0.9991572505226576,0.9988481218122319
0.9994543833301763,0.9989811941480394,0.9996234234946155,0.9999257120583092,0.9999286819569598,0.9995441648508112,0.9997859050869456
0.9989297737339727,0.9970478890908208,0.9995177730710169,0.9998158009251126,0.9997050157613271,0.9996815904943823,0.9993692772752679
0.9985892141584937,0.9984747719829632,0.9995444169395008,0.9999617669267599,0.9999671776338902,0.9998398803388207,0.9998334643821662
0.9993407976502916,0.9993513527363762,0.9988038134817473,0.9998373800397623,0.9998883308434023,0.9989427592900413,0.9996410725041367
0.9997410398831412,0.9993874483150536,0.999834223293689,0.9999417740345429,0.999915510040045,0.9998485318505358,0.9998815756006953
0.9983115848950683,0.9969073995733587,0.999588198236785,0.9998645740020373,0.9998917449666201,0.9986030981987719,0.999543513085146
0.9979557464817053,0.9977487366856741,0.9986349692858896,0.9997624961663819,0.9998638904686543,0.9982062297239295,0.9991234570574781
0.9953293570936419,0.9960977941043092,0.995788044420295,0.9997398175874892,0.9998447981074325,0.9977988232164988,0.9982537516048847
0.9977579685309669,0.993559736319312,0.9992790111104545,0.9996686395993063,0.9997171079427203,0.9990665288432146,0.9994767435481564
0.9989054268163845,0.9989532365027045,0.9997135556791291,0.9998964213978851,0.9998509384972155,0.9997771135788857,0.9998705366723344
0.9981748142245268,0.9993673890886896,0.9978497657018993,0.9997950557386986,0.9996723223259558,0.9990042447129812,0.9988533015861619
0.999090210634783,0.9973761260290028,0.9991822114352028,0.9999170274737926,0.9995647675902624,0.9995608929257398,0.9986904611801481
0.9993110214027039,0.9980532924025501,0.9983459892595284,0.9999526953033302,0.9998696303758363,0.9988605905556732,0.9994086111576311
0.9971638837580328,0.9905821128153933,0.9991841722287308,0.9996283932898226,0.9995088104610215,0.999425807748529,0.999591222321167
0.9995350782104092,0.9982748693800841,0.9996277269347122,0.9997684070271928,0.9998482575962256,0.9986444226142964,0.9998502624293021
0.9993719850157718,0.9991992102600056,0.9991111233926852,0.9998862330696447,0.9996882407574661,0.9998665181334297,0.9994622118127235
0.9993433408980327,0.9980645226669113,0.9989680182420143,0.9997992244323338,0.9998550242441101,0.9989436545292029,0.9995830813639442
0.9958968733875353,0.9957834515157277,0.9990569386048469,0.9995896099364014,0.9996881983804112,0.9978590242104111,0.9986273419719954
0.9989928363663766,0.996602285221825,0.99967474762334,0.9999127534228675,0.9999337021577596,0.9994853607194234,0.9996834196805962
0.9961314191713091,0.9957240159595335,0.9987615495639728,0.9998277561410597,0.9999415761362779,0.9993786712271875,0.9992134635225055
0.9983512129772586,0.9987519337044872,0.999577227943098,0.9998623984703041,0.9998697257012586,0.9986795441949965,0.9997583414453757
0.9939047812891315,0.9888348578706756,0.9992243495604484,0.9995605856786017,0.9997680635781016,0.9996210842387198,0.9994506145720384
0.9971516191397573,0.9995004559121201,0.9966818993451746,0.9998043599550859,0.9998659785439508,0.9964080653958407,0.9988891016556015
0.998131892693376,0.997513179382091,0.9990564218389197,0.9998845685369212,0.9998185327862632,0.999754306755662,0.9997618278995765
0.9989722549410169,0.999130524254907,0.998865192966865,0.9998586567498785,0.9997937888974833,0.9991532177509224,0.9989856863344948
0.9998560565980678,0.9992554328971789,0.9995573795610614,0.9999428971807374,0.999928490414109,0.9996739367507157,0.999726876877733
0.9992111809015665,0.9997495174093072,0.9998213834985065,0.9999409671091603,0.999907653448211,0.9997321168611669,0.9998783219124041
0.9989675581666457,0.998971603592546,0.9995045090907012,0.9999529993553824,0.9999487325059967,0.9995403811950516,0.9998001612032343
0.9993936026270106,0.9991370942236835,0.9989888969370182,0.9999000871511768,0.9998832769343557,0.9997117729821584,0.9996967709094802
0.9979006226221343,0.9994507170730148,0.9991472572826702,0.99989297089046,0.9998981299275799,0.9988981375646184,0.999326142206189
0.9984215750500739,0.9968008229135903,0.9995166709325854,0.9999516486912323,0.9999026601148937,0.999822569221642,0.9999253562873641
0.9987934963866998,0.9991265141230745,0.9996174123145621,0.9999495021723206,0.9999005919264113,0.9997279490949629,0.9997670256424392
0.9968882667580078,0.9981667386734343,0.9988557134971323,0.999901812051333,0.9999164088214672,0.998724431848424,0.9997539988050708
0.9970083029454468,0.9963518898308416,0.999714680400971,0.9998429907092766,0.9998863091094417,0.9995642638273337,0.9994435507645858
0.4155962096865269,0.5774455942890794,0.8646046558819286,0.9893910624512606,0.9904629241516615,0.7091508601887035,0.9822660874093823
0.9988081938078753,0.9986534760487761,0.9996934186265272,0.99989805268684,0.9997846217560085,0.9996767195224076,0.9995176442533983
0.9994632007971278,0.9978115281791429,0.9998053012556165,0.9999030496037536,0.9998748754568034,0.9997185077161906,0.9999078949672846
0.9989854007477825,0.9994136325842904,0.9998464516044017,0.9999557637895633,0.9999352230549666,0.9997305741461655,0.9996729351078117
0.9996525175027285,0.9994626726880613,0.9996902916419563,0.9999446419704643,0.9999339747995873,0.9997662915311467,0.9998742216138028
0.9954629022054263,0.9961703490399832,0.9985786598422538,0.9997102600451121,0.9997973595693963,0.998570074767918,0.999384404041169
0.9977666659343314,0.9977855142768745,0.9992626787295251,0.9998039714407522,0.9998706065824081,0.9992148015561494,0.9994274102151254
0.9988354261329305,0.9987679434448914,0.9994151139791313,0.9998483250277768,0.9998646652808265,0.9995475658813417,0.9995900745277907
0.9986050595278854,0.9984070671103226,0.9996440852909111,0.9998845613289364,0.9997998967042147,0.9994764926379741,0.9994987326812541
0.9996127276299926,0.9995864166331219,0.9996306860629813,0.9996495205705364,0.9998041362253453,0.9995963586397173,0.9993002862673326
0.99745659015172,0.9975504346491237,0.9967774677889956,0.9996088541479601,0.9994510850739918,0.9969514403213837,0.997941445258241
0.9996057447402792,0.9995378350013234,0.9994507572034922,0.9998054555829355,0.9999425614211198,0.99930105831963,0.9997557198635442
0.9987840138502082,0.9973017150158775,0.9940226968994741,0.9997221873202965,0.9996353355422445,0.9964649096375007,0.9994950013723513
0.9992437244625128,0.9993555716196688,0.9990733965239214,0.999899094130787,0.9998420933263042,0.9986925880817712,0.9994464734356493
0.9991417161023489,0.9972486135449328,0.9995826030519503,0.9998267992609727,0.9995280338060031,0.9992607397318468,0.9991717667632217
0.9988943547961829,0.9925488779910089,0.9997215244768252,0.9998454506879517,0.99977571254456,0.9998735786430792,0.999311619482496
0.999117456773578,0.9991760414700114,0.9997855292164229,0.9999367552020094,0.9999617039288087,0.9999081647179655,0.999700474756605
0.9992415255313454,0.9981808127033602,0.9997279761050025,0.9999429707756823,0.999942008946634,0.9994446628339717,0.9998486745938273
0.9984978821621706,0.9985642363404175,0.9997810227492965,0.9998453170604032,0.999920879088348,0.9984583063575059,0.9995014429836278
0.999298730756289,0.998219700909782,0.9996964788752346,0.9999610175814306,0.9999029351374656,0.9998334234792603,0.9998309466551892
0.9993210865910856,0.9982375676263756,0.9992833923114793,0.9998146693554809,0.9998866761250977,0.9992996532109097,0.99949084452281
0.999645494952014,0.9990524300695782,0.9996109675446614,0.9999457788494652,0.999945962179531,0.9995212089933533,0.9998222967352304
0.9984678947858577,0.9987971750369766,0.9987837143102253,0.999921801513818,0.9999391535934156,0.9989403882265881,0.999408755517365
0.9994808646448772,0.9986340508176808,0.999479322222401,0.9999475321439286,0.9998977341698634,0.9998299505660871,0.9998392801509557
0.9973140983266005,0.9992931798922543,0.9986893448389473,0.9998437448100064,0.9998145998913145,0.9981773373472781,0.9990285613218287
0.9987070400214699,0.9994522345431793,0.9989462476932952,0.999879540078089,0.9999315281775207,0.9987888282414857,0.9994816453615731
0.9989346098962194,0.9984627911815293,0.9986892563353192,0.9998690709089507,0.9998889179178597,0.9987671060414547,0.9996371202895754
0.9993142968245448,0.998360961821159,0.9996430493031496,0.9998453341076818,0.9998671062762275,0.9989415815749487,0.9999344467142047
0.9979851478291545,0.9987256259306496,0.9991198438987515,0.9998619491090632,0.999751929850234,0.999672071285571,0.9993317014266409
0.9996260038788808,0.9976326853966324,0.9995899145835913,0.9999224326241916,0.9998789174153474,0.9997048924372247,0.9995427370683976
0.9981000610254526,0.9993533135843775,0.9994663490398039,0.9998655928938869,0.9999347901272486,0.9997823645685507,0.9997594686880287
0.9978662567911305,0.9981961456035567,0.9989277711135774,0.9998933565573506,0.9999601062567708,0.9981883081966527,0.9996054235479965
0.9994320841173355,0.9986408062736023,0.9961678823209036,0.9998783641560381,0.9996590172792479,0.9993334931242923,0.9997759753765676
0.999110465468747,0.9966229277681676,0.9998094239738148,0.999950778906719,0.9997561825545369,0.99988358700234,0.9993272521163943
0.9971903126070818,0.9994842123183536,0.99846098334697,0.9998589271041323,0.9998565790643036,0.9977938765341083,0.9989927564529669
0.9968432202565922,0.9979661852594851,0.9983981307501222,0.999681382580378,0.9996573480478455,0.9979770914089721,0.9983159517252507
0.9982816575638387,0.9984286970328085,0.9985405255853931,0.9997822238634827,0.9996257738095229,0.9986196547006784,0.9991295964157708
0.9997731488471784,0.9996085497707832,0.9997566983581073,0.9999565364655073,0.9999224295372664,0.999763401445822,0.999796594559364
0.9924051722276961,0.9952591162198253,0.9972380272330714,0.9998905704651745,0.9999250234698265,0.9981635608620185,0.9990049716734647
0.9993357482359294,0.999676199209532,0.9997364423977225,0.9999378551352157,0.9999359251702872,0.9998152212097674,0.9997346661176485
0.9952607857447003,0.9985039411216211,0.9966797398123186,0.9996394861538463,0.9995868293202437,0.9961982467048517,0.9982681491250127
0.998892219581336,0.9976943560882576,0.9997047052339456,0.9999628514932276,0.9999518855583837,0.9996674801454334,0.9998028935466348
0.9993596148816102,0.9991094602597411,0.9989038577693022,0.9998579990495438,0.999834822455022,0.9994039769262102,0.999409871403443
0.9983493016203866,0.9984364867155477,0.9991972853999795,0.9998598258025205,0.9998633415022298,0.999383952376865,0.9994918704501043
0.9975534805917824,0.9988336998685654,0.9992253965030397,0.9996485415214439,0.9999149147646686,0.9993483134645289,0.9994984119236341
0.9989765580692842,0.9985408620349677,0.9994599098757857,0.9999281772343759,0.9999403634200271,0.9996819773591932,0.9999247027744458
0.997709253312709,0.9948436447984144,0.9988832657120099,0.9999257358399506,0.9997073707022777,0.9999086110305765,0.9994594241700121
0.9991241137328236,0.9986444154319513,0.9989915454546905,0.9998333782004927,0.9998762644107784,0.9991602457394806,0.9996433628585059
0.99900111456333,0.9988850232043226,0.9992145382947794,0.9999319673590862,0.9999246393252881,0.9997741549037994,0.9999114809505124
0.9997327083323773,0.9988647656088111,0.9996940329161494,0.9999174885753122,0.999896110923399,0.9995615616198275,0.9998453871697184
0.9997379953187001,0.9994778302516292,0.9997291242094208,0.9998509002419934,0.9998684557831695,0.9994177895987569,0.999627290380072
0.9982827033162148,0.9968757438016445,0.9992816309850736,0.9997280120058364,0.999809521961423,0.9990058020697808,0.9994729314654268
0.9991382094280024,0.9981381978581195,0.9992887463993327,0.9999473392376184,0.9998229367645795,0.9995270069109908,0.9992213135701884
0.9979647042617804,0.9978472835890799,0.9998424232557162,0.9999196944691986,0.9999099122766845,0.9998564473309701,0.9997773212861439
0.9977660001279807,0.9962397995139657,0.999073274848439,0.9995669508176779,0.999815661669213,0.9984972280690775,0.9992236633981624
0.9966094219446293,0.9971197878307119,0.9987363340938473,0.9997604316952019,0.9999149902068305,0.9978701330170886,0.9992334940972778
0.9984940569189583,0.9987416039994992,0.9986415076472127,0.9997001732098842,0.9998283638053772,0.9984768204463352,0.9990684547180503
0.9995372129560639,0.9991753491201042,0.9998026883103551,0.9999565097079496,0.999937275188925,0.9998337000825839,0.9998798728845599
0.9995157200101786,0.998810400090084,0.9993047471377776,0.99976666710467,0.9998523936505851,0.9994222256872597,0.9996271206926333
0.9989881544782425,0.9972242882568894,0.9994161450953172,0.9998817643341024,0.9999075662646024,0.999379311203055,0.9999165771422457
0.9995726582350272,0.9989183493231751,0.999445508334999,0.9998151722283218,0.9998765965157643,0.9995725735309533,0.9995045643379464
0.9981746009143155,0.9993268359988239,0.9996685001733703,0.9996878510067474,0.9998287618615557,0.9989386518495532,0.9989992662228648
0.9990562886354641,0.9984958164368276,0.9997530528746269,0.9999133408207488,0.9998490462343689,0.9998078753375158,0.999342175133401
0.9988277583622293,0.9990130491288852,0.9994516876425477,0.9999354037298134,0.9998807025750349,0.9993223542419509,0.9994661201786815
0.9985426542073922,0.9994832394322644,0.9992721767101801,0.9997665642878363,0.9996767243119415,0.9991214844891787,0.9992713566878022
0.9966133546611907,0.9968257480878683,0.9995047328474747,0.9997564464126354,0.9998793044635028,0.9998692285062847,0.9995792184306201
0.9964616359823392,0.9996833779282029,0.9975483974715929,0.9996590291030218,0.9995855545651054,0.9972280331837681,0.9977193216209128
0.9940181163721415,0.9968187902686884,0.995239213329798,0.9997052664039034,0.9996408909290972,0.9970354603539371,0.9977876450582697
0.9991059401985526,0.9990830966902486,0.9995992677192023,0.9997966036516656,0.9998223463636159,0.9993977532769649,0.9994770096962902
0.9995804569584019,0.9989970881771058,0.9998533134073155,0.999943607671387,0.9999360554798883,0.9998359352035417,0.999750227370837
0.9989671740704797,0.999669345300716,0.9998207522949755,0.9999674870056834,0.999927815903125,0.9997162630340405,0.999812292588355
0.9980073871282167,0.9980151382758469,0.9987788444402521,0.9999377322729006,0.9998787005064979,0.9995721647641045,0.9992203423788896
0.9994315233661062,0.9972183724132864,0.9995425299492747,0.9998932921348356,0.9998697858001353,0.9997473001259708,0.999779955425614
0.9952828092944358,0.9939167711865161,0.9991711249258055,0.9996430000961741,0.9998572279717068,0.9997623808019385,0.9993872303671892
0.9991086492120203,0.9989843008342179,0.9995624265265534,0.9999629603280705,0.9999540874529292,0.9996885469548311,0.9998579158811031
0.9968839710747082,0.9989560576903861,0.9971941387309772,0.9999465039731683,0.9998688045070621,0.9982506866277521,0.9990261734088524
0.9993875531134593,0.9992027878930989,0.9986048597316959,0.9997902478890217,0.9997396044744601,0.9989965403257018,0.9994000356645687
0.9966766016281992,0.9982386619345234,0.9978007456711813,0.9997729704968318,0.9997188955317858,0.9982712926661371,0.998783489298997
0.9971702689314434,0.9988817527212904,0.997442281163937,0.9995554195902903,0.999648842794885,0.9968258208969795,0.9973925452483037
0.999037274563692,0.9989714712295946,0.999415381032307,0.9999161491099432,0.9999424901509856,0.9998197389924326,0.9997717664834153
0.9906221038426852,0.9990206410641334,0.9944395150475132,0.999503842652002,0.9996127301683626,0.9933190148273144,0.9971893525640216
0.9987040356335127,0.9992926077097939,0.9995099433066266,0.9999610621612217,0.999904593627025,0.9995325279403833,0.9995387696471686
0.9995520912534853,0.9978626524737518,0.9998114821936733,0.9999059040162087,0.9998762016762704,0.9993427443971278,0.9998454025471023
0.998052348311221,0.9992289694597934,0.9985269284904736,0.9998553429312405,0.9999426338598972,0.9985959533191587,0.9991472902911901
0.9972583182026107,0.9976123610090141,0.9985496563743778,0.999784106083209,0.9999002418027578,0.9987588507462474,0.9995022231851947
0.9993863760308591,0.9995148295206051,0.9994077015639816,0.9999062014764178,0.9999541247308678,0.9996963325151575,0.9997740583347113
0.9963725322789039,0.9983909815663685,0.9989232937561883,0.999947250690983,0.9999085430495231,0.9992645038105701,0.9992406903835129
0.99944741529352,0.9990697644998879,0.9996130717672128,0.9999239545836776,0.9998901025639259,0.9998235981548775,0.9997856720150646
0.9992443334466962,0.9995075173296019,0.9983599349179976,0.9998593661389287,0.99990864815278,0.9987917539214464,0.9995907410941186
0.9972408911914933,0.9984135900174391,0.9988221399667339,0.9998992618040304,0.9999144805942224,0.9977363686755096,0.9993993192911053
0.9964539334807737,0.9961909248784857,0.9992439724086328,0.9998929347842468,0.9998900740374037,0.9992318062614045,0.9990574026492712
0.9997081199929873,0.999482257594671,0.9995858731087357,0.9999268683941516,0.999951548713414,0.999675618161171,0.9998408641117482
0.9993738641043586,0.9988825876219213,0.9993590724863264,0.9998684880551504,0.9999270248027822,0.9998586234850463,0.9997593918845078
0.9984693459410501,0.9975504834441703,0.9995532873404727,0.9997771704706282,0.9998598736145814,0.9998214900007883,0.9995952561028454
0.9987602065142528,0.9987947032201683,0.9995772219918804,0.9998836218789152,0.9999242935138805,0.9991938550228867,0.9998019836704024
0.9991368286761158,0.9989565663813553,0.9982939169479005,0.9998848192481451,0.9999130318638121,0.998908626073408,0.9993325772562286
0.9980846050925851,0.9986977137282005,0.9973916969970125,0.999822626388396,0.9997972123668313,0.9985806038923882,0.9993683887479421
0.9969190156081047,0.9961786463250081,0.9987024302101833,0.99972215732033,0.9997017434446575,0.9993044497952562,0.9989493985901219
0.9986388011711335,0.9969907185864363,0.9993495787342146,0.9998555820373383,0.9998961580794055,0.9994892446989122,0.9994367798856861
0.9989901022378217,0.9990766549741062,0.9993738551540099,0.9998695892107483,0.9999419182466496,0.9999016114619597,0.9998260966854541
0.9987897035785455,0.9983076076874507,0.9995108007899074,0.9997716210475219,0.9998648760274854,0.9990929189336301,0.9993347520526801
0.9997285741491908,0.9995948898897409,0.9996712337874667,0.9999173751672711,0.9999452794316234,0.9995369304392273,0.9999160856953517
0.9989377195408148,0.9980570628352802,0.9992317449240893,0.9998234640754329,0.9997694101017086,0.9988676469237711,0.9992444199491526
0.9983160757241253,0.9977319363105814,0.9996533069047546,0.9998541769044048,0.9998776975876194,0.9997334897329322,0.9993504768528284
0.9986939333267122,0.9990345830691076,0.999582913319637,0.9999695140206709,0.9999427220439877,0.9996983425545735,0.9996439899128947
0.9972927432395149,0.9977990816157849,0.9990879884407624,0.9997994626216616,0.9998369677744497,0.9990243774445992,0.9991838445880199
0.9978403760570772,0.9971797861721861,0.9989962321883049,0.9997931619400865,0.9998383330181446,0.9990312238512449,0.9986279581001335
0.9992018179372104,0.9985057674112495,0.9998986311901168,0.9998892830681444,0.9998184649697623,0.9997722283459961,0.9994310108234418
0.999534120283813,0.9986190053180636,0.9992754050747131,0.9998333441024473,0.9998735457089192,0.9995692284450172,0.9998086439587872
0.9988647783488351,0.997181395038365,0.9997725338397015,0.9998020253011353,0.9998899454293448,0.9999168942966237,0.9998826474235966
0.9987214860127681,0.9959506653355494,0.9988147712809872,0.9997805631712211,0.9997942071213992,0.9989832954841864,0.9995497489645592
0.998800317507708,0.9988318041025221,0.9992841894903584,0.9997760274040689,0.9997845204520398,0.9992811237136616,0.999419982817867
0.997228266251454,0.9978555269381739,0.9964425595193223,0.9997193989215415,0.9997504254376064,0.9975530234490269,0.9983923148805866
0.9983469050195375,0.9978609078687062,0.999583058749673,0.9999078881455422,0.9997682101556626,0.9998653950980713,0.9996340970813765
0.9994854468479148,0.9990803377466614,0.9993456003921736,0.9999600681908728,0.9999575598330218,0.9995941699600309,0.9997477747224554
0.9993241924077203,0.9988475997527823,0.9993299817362462,0.9999373187266829,0.9999240299272817,0.9997221951010928,0.9995036218681661
0.9943243110435299,0.9963962432185469,0.9962415151886885,0.9996374586010778,0.9997500581125564,0.9967319620277448,0.9984990491838992
0.9960195731007897,0.9993761381992243,0.9983798331964159,0.9999347519616303,0.9999151645888383,0.9994519867673909,0.9992115370344434
0.9985233021164881,0.9993410256795175,0.9992960155836521,0.9999525917463145,0.9999406226538345,0.9995951707291526,0.9996544984282976
0.999673653103126,0.998936041545947,0.9994166525477336,0.9999161296433606,0.9998951689311051,0.9995855411681136,0.9997628901246708
0.998115629681031,0.9993465986335476,0.9990602780306787,0.9998873947833866,0.9999220674695286,0.9988360694502827,0.9996855138982172
0.9980707938518643,0.9990590923650428,0.9986076401613154,0.9994090518945009,0.9993582470939104,0.9964658497555317,0.9970720299985939
0.9968189081838643,0.9966949511197032,0.9994940746485254,0.9997776870973307,0.999773192415386,0.9998232775831845,0.9998491835964465
0.9985561784693536,0.9991597611451516,0.9998316304788355,0.9999176915123744,0.9999374580154469,0.9997245247623051,0.9997238847192323
0.9988411920506604,0.9990184576670635,0.9992270060809052,0.9998085445693713,0.9997986300183659,0.9989839785613213,0.9989677272248546
0.9995678008930281,0.9982966065498763,0.9994683219635879,0.9997566587413976,0.9997360338840037,0.9991711007839562,0.9995261646215778
0.9992126366825516,0.9976321683747286,0.9986493167345079,0.9998612389505227,0.9999250643115053,0.998730999537173,0.9995795442038595
0.9980265398242815,0.9989736900052336,0.9980558218848334,0.999728416616821,0.9997321751029099,0.9979924422090333,0.9988175885695101
0.9991336109924144,0.9976913094599632,0.9990834901791236,0.9997889960223765,0.9997186029979527,0.9992884492336269,0.9995137450432392
0.9994491634102659,0.9993992819210412,0.9996181976025182,0.9998895202199443,0.999626000103674,0.9993241854881725,0.9992138923413452
0.9979989421771622,0.9997063723716082,0.9990403428382444,0.999859929103382,0.999897694430303,0.9986710794206557,0.9992313520576465
0.9981492480223281,0.9991245104087951,0.999117365124797,0.9998721769882656,0.9998005792379864,0.9986980559642615,0.9988828204322968
0.9996427137602151,0.998029469033949,0.9996843038902957,0.9998708502180211,0.9998355921202016,0.999502621930379,0.9995069783954992
0.9989652092614879,0.998172269994598,0.9996708981351786,0.9998757452787944,0.9999422214551436,0.9997387498638046,0.9997985274449612
0.9995658989883898,0.9989846110537646,0.9998970579460368,0.9998944710538658,0.99984897247142,0.9997301567935519,0.9993760587601374
0.9981195234402608,0.9983549292556879,0.9997666857341201,0.9999334329207678,0.9998322708268812,0.9997554959285947,0.9993136411027673
0.9996493072550655,0.9988171509079325,0.9991992945395287,0.999948624948405,0.9999000542331342,0.9998780539880259,0.9998261528030705
0.999357147017006,0.9997003591414522,0.9994022480359523,0.9995165740220572,0.9996619747688,0.9982118371159888,0.9993034080458703
0.9989130975821586,0.9994660522236657,0.9997183204175549,0.9998065371262792,0.9998051124457392,0.999521237598123,0.9993913048359597
0.9977780576138325,0.9987296067942965,0.9988853005675218,0.9997938067891281,0.999560358787662,0.99848044087305,0.9984839807088338
0.9990746541477985,0.9987344504418871,0.9991509953774924,0.9999645042096617,0.9999356013972318,0.9997814667596687,0.9997930102540467
0.9993633956201777,0.9965837994300075,0.9998035426854581,0.9999018610880287,0.9998934181405195,0.9996094854307418,0.9998314237294833
0.9993212401333343,0.9992767122272145,0.9997797432223235,0.9999261511257718,0.9998880750432365,0.999892361367028,0.9997172141878495
0.9996302415149523,0.998660000156836,0.9989001653971696,0.9999402479412863,0.9998302511698611,0.9996281019045449,0.9995482872751023
0.9996499876845845,0.9991146338822824,0.9991497153360307,0.9999393152493278,0.9998877499872527,0.9997402174305159,0.999865939460664
0.9968186110068701,0.9959871727397429,0.9983468335449038,0.9999178507830979,0.9998505344586609,0.9997218071467391,0.9996469029287072
0.9955866248627371,0.9979544502548612,0.9971136307807579,0.9998094963186301,0.999875920072104,0.9984206121174041,0.9993771753974976
0.9950773200152031,0.9969080361345156,0.9978927975127907,0.9997701384415024,0.9999037720451943,0.998661190629398,0.9977729948677079
0.9983916017834589,0.9945188078836746,0.999678197348456,0.9998505374901691,0.9993685159618041,0.999230175237598,0.9991647216450886
0.9954247512747673,0.9925344165266076,0.9989782382092719,0.9997022642184014,0.9996877797143823,0.9993760692159745,0.9991751422602524
0.9992185002374256,0.9988481203753823,0.9994073527243115,0.9999502595477603,0.9998800932742308,0.9998345166762721,0.9997341694227003
0.9993492704733087,0.9989093108317999,0.9993222562407181,0.9998004201541,0.999575095503282,0.9991316859188468,0.998964037884417
0.9993993462789315,0.9993598360989775,0.9998597339828844,0.9998456108965784,0.9998061080270827,0.9998916558555015,0.999111212418039
0.9995050648700121,0.9961700227485502,0.9996281815235764,0.9996877609454315,0.9998455691820164,0.9990456600911851,0.9997552090994318
0.9988902107831691,0.9990705557682314,0.9993409542318098,0.9997595740270632,0.9998845386323826,0.9987063437463637,0.9996326856373277
0.9975442696666472,0.9985051102433443,0.999237738739193,0.9999332934666229,0.9999005742776461,0.9992014595075314,0.9988051475501515
0.9985019026756552,0.9967366591920125,0.9990330840404172,0.9999186976267831,0.9999349174360919,0.9998180607200257,0.9998882191306645
0.9998182189076137,0.9975074550085816,0.9998344001945599,0.9997987212780127,0.9999124510521958,0.9994472157808154,0.9998029006237016
0.996489630133684,0.9979704782628476,0.9991569699374555,0.9999428534683372,0.9998589330376715,0.9993399235480216,0.9991171793543219
0.9959826074747513,0.9995451002179306,0.9985224696555909,0.9998477857349664,0.9997774261552672,0.9984290354361266,0.9984972542217347
0.9982236680949155,0.9983420458779128,0.9989637088130715,0.9999042274971554,0.9998289851409815,0.9991477939035822,0.9991879583370817
0.9991849884149199,0.9978782838049098,0.9997178484390079,0.9998974493546632,0.9998656522617952,0.999798344247215,0.9998832436942684
0.9992056395388065,0.9974421716777983,0.9995738717627951,0.9998650166977032,0.9997016155290506,0.9993106006656357,0.999366341130442
0.9986666759203031,0.9969330628686929,0.9993588641291581,0.9999004982849461,0.999841233336878,0.9988187597798862,0.9997105830674133
0.9979186309060133,0.9978231021745029,0.9994026367923351,0.9999241076143104,0.9998457715520018,0.9997451308846674,0.999591709978484
0.9992275638765665,0.9986468593184631,0.999707170377703,0.9998685227510229,0.9999018367905698,0.9997368259334513,0.9998805152051006
0.9992506948453037,0.9995877444525313,0.9996368706773433,0.9998818231071188,0.9999116782772517,0.9995607278875877,0.9997282611684796
0.9987581852505452,0.999511639922498,0.9996168663059473,0.9998519230446478,0.9997959162110337,0.9993546685148981,0.9996659277010669
0.9991828029132017,0.9987918917096077,0.9997636820616949,0.9998193319164551,0.9999302956875877,0.9998535365933673,0.999751731501947
0.9992031401538185,0.9984727292788642,0.9989710763358846,0.9997739812109411,0.999743330709291,0.9986176310854488,0.9990349797739662
0.9996839448872379,0.999413634920657,0.9993654162755341,0.9998921209221945,0.9999259614760218,0.9995982654907275,0.9995701224716906
0.9989074657679354,0.9979903615031623,0.9983784573439232,0.9999084370315652,0.9997954697822204,0.999784464166553,0.9998227584971092
0.9958749726648221,0.993801944827561,0.9990676403169516,0.9999012448881393,0.9999481793061138,0.9995361538939361,0.9995733981635919
0.43953693408494177,0.6077941843047692,0.8655884742844042,0.9878380799091852,0.9943961610901328,0.7390590979956227,0.983455360579788
0.9992918802018925,0.9985850451243887,0.9992324820111635,0.9999361146692631,0.9999307882374041,0.9996900829664233,0.9998323927219479
0.9985990017127598,0.9978651687809024,0.9991445401600478,0.9999667638073579,0.9999427634540146,0.9998682035530333,0.9998418275845312
0.9979685194080438,0.9980561444963898,0.9987037693567177,0.9999252102229296,0.9999401536315025,0.9992175955506976,0.9996365176704437
0.9987137390087228,0.9975781798676965,0.9997419605511364,0.9999426719023891,0.9999395673509784,0.9998027001586018,0.9997189087949407
0.999626768256796,0.9988722713279686,0.9997570012218868,0.9998924794002804,0.9998172948054599,0.9998265093356424,0.9992201894818373
0.9988051750199567,0.9978036282173557,0.9985194123684491,0.9998575164735032,0.9996849883320231,0.9988908763761722,0.9992382809647707
0.9996528716111364,0.998478729657208,0.9993890755738416,0.9997307912370267,0.9997864353262935,0.9978556406576073,0.9993732010855959
0.9993072006277347,0.9991389614399394,0.9996381403707516,0.9999369953036643,0.9999012256064391,0.9997998896049284,0.9998040669479767
0.9967813824608566,0.9936854232654941,0.9996633325286065,0.999675307887119,0.9998319754740246,0.9998827445839723,0.9996919436080328
0.9988101684213493,0.9984680637216273,0.9985851184370417,0.9999246488484141,0.9998848886170639,0.9998975203299659,0.9998329166258458
0.9957007275290141,0.9973232375883995,0.9985829396374625,0.999712769300658,0.9998310370100828,0.9997961858767197,0.9997074539614439
0.9980809397266998,0.998745006831819,0.9996989129076573,0.9999663562485975,0.9997989545503716,0.9995560920882285,0.9988191960116569
0.9976426465316078,0.9942515378565174,0.9992427546179395,0.9997565651715049,0.9997839102910909,0.9971316854525527,0.9994351085682707
0.9990323354576636,0.9980698715295332,0.9996984940136983,0.9999147041350501,0.9999084782716561,0.9988970050341206,0.99963697305806
0.9985193351869548,0.9985623362313029,0.9994780027664537,0.9998290938377543,0.9999168484425772,0.9992750525905505,0.9994005806642027
0.998600174866013,0.9991544987453562,0.9984238369187501,0.999815161049602,0.99982351112159,0.9988297949086765,0.9997438492362737
0.9990502914887761,0.9992364941959224,0.9995825303937259,0.9999588585858704,0.9998663090024899,0.9997432573582123,0.9994013707822732
0.9992385453527283,0.9990789828925083,0.9994141547993509,0.9999451759933048,0.9999419978795459,0.9999169694076467,0.9997785277515373
0.9988351341815622,0.9980354296985972,0.9994726994402737,0.999949458896866,0.9999635233330275,0.9999016357920739,0.9998649189483761
0.9989864852283433,0.999118276176117,0.9985158503613017,0.9995372081437431,0.9996299679998812,0.9978085962511506,0.9991952263119445
0.9987830218025815,0.9992026404299262,0.9993176416928874,0.9999030226732635,0.9999229374950037,0.9984098406864416,0.9998651136067751
0.9990791497585254,0.9995946541414074,0.9997786272519773,0.9999253485620828,0.9999590615004359,0.999666255971639,0.9997946380166803
0.9940485077972202,0.9968397608064059,0.9987634012138781,0.9999022178385397,0.9997925189570954,0.9993830547361582,0.9988213955583586
0.9991899915206786,0.999656178329461,0.9997016455362269,0.999909633653397,0.999905663099808,0.9994177419035652,0.9994703188670958
0.9997780590121926,0.9994389354878245,0.999071404780102,0.9999192555414834,0.9994857625712854,0.9997019973141128,0.9990839187602074
0.9982094147338433,0.9984467525936732,0.9994766194738606,0.9998478243167347,0.9998860289924417,0.9992944653060774,0.9997321804679221
0.9989814121636934,0.9968226857158373,0.9997023487615039,0.9997719981494676,0.9998181056706856,0.9996280271791129,0.9994489656934424
0.9981509090397073,0.9961867774625912,0.9998133198718334,0.9997599579131703,0.9998704510229179,0.999917286183678,0.9998484999501464
0.9993689260093681,0.9985949108485138,0.999453202905847,0.9999106425454312,0.99993999877408,0.999867925807116,0.9998148271743504
0.996671398366169,0.9948649418113463,0.9985496754387356,0.9998544666251301,0.9999490435557356,0.9994484871074466,0.9992926888713299
0.9987817748024866,0.9975359165121408,0.9989861832382798,0.9998881294990506,0.9999185057400941,0.9991396991367516,0.9994455971970725
0.999624714903879,0.9996896276053344,0.9995510885728647,0.9998959391567546,0.9999041759061983,0.9995866347858462,0.9996673414269579
0.9981328150338838,0.9975754117565478,0.9997897794045169,0.9999170567616726,0.9998975332400639,0.9998543875818967,0.9990974866405814
0.9990098573767344,0.9989683673167511,0.9992665063516561,0.9999139933785219,0.9998327671905779,0.9996814428979717,0.9997657052614198
0.9980447214709394,0.9974957094492469,0.9985579894168045,0.9999132938378825,0.9999070914290106,0.9979700018477017,0.9996184097666851
0.9993819453329224,0.9993503342768829,0.9994582619378226,0.9999047288628627,0.99994291906626,0.9998418626756284,0.9998578438550549
0.9978281632770185,0.997748978672213,0.998994779010527,0.99980978420026,0.9998308826508887,0.9991698137361674,0.9996031600322365
0.9987256494605415,0.9979019899798613,0.9982730715436747,0.999062573892027,0.9992072392354713,0.9965052308403707,0.9961298532889465
0.9990791455095759,0.9987046002589114,0.9991113174989289,0.999802419182541,0.9997913241588474,0.9991660508687189,0.999283166814873
0.9983836042036951,0.9976513384832078,0.9994524232778019,0.9999445327131051,0.9999670887452629,0.9995736374296563,0.9997166289632775
0.9986547150181101,0.9988417206161867,0.9991870084838693,0.9998641439953972,0.999913719633643,0.9993378973850542,0.9995826438135813
0.9993294804811309,0.9988860821540253,0.9996338384544398,0.9998885374375257,0.9999417446129722,0.9997445652922726,0.9997618760100777
0.9992505080368643,0.9994683295093275,0.9988892711614521,0.9999508949006126,0.999921813766671,0.9992899941435606,0.999677761139906
0.9995805124597716,0.9989923353911759,0.9997719424955771,0.9998939332931059,0.9999009570820373,0.9999234814005683,0.99982485963168
0.6887547966119625,0.28323513873423933,0.9160112061539031,0.9907439875339508,0.9851637031166985,0.8504798194377028,0.9803500152215469
0.9982218331795399,0.9994980233095332,0.9989284468507998,0.9999353777771929,0.9999089226780142,0.9994807818563739,0.9996940445843144
0.99612145385513,0.9951678865222073,0.9979077915136263,0.9997262563523985,0.9996529141657026,0.9980784824903942,0.9986534642437854
0.9985737255177779,0.9974602635404727,0.9973884985643149,0.9998879672318293,0.9998641046867781,0.9988605530794246,0.9990360601287267
0.9956814160483602,0.9975141827931293,0.9987579358275511,0.9998303052344762,0.9998684601474307,0.9982905066508164,0.9993810990368865
0.9994335958903471,0.9994356382308648,0.9989272455096516,0.9997686490039366,0.9996838335087891,0.9991161448723429,0.9994269905861445
0.9924880401602797,0.9978421774676387,0.9990422930515026,0.9999056323702088,0.9998706362131216,0.9972528393465427,0.9988474209809476
0.99866389506188,0.9938335892013658,0.9997444883745309,0.9996641850162433,0.9997325420064559,0.9998660815615835,0.999553170563953
0.9991748208876581,0.9979605032507436,0.999589916745442,0.9999271178266421,0.9999027083457964,0.9998579956410942,0.9996565871065888
0.9993127386694014,0.9991271463964568,0.9997146606657137,0.9999651995535275,0.999910427577149,0.9998807784531529,0.9998289197631044
0.997935406795951,0.9922592834948617,0.9984123809394062,0.9996278414544579,0.9996626466840692,0.99887830066555,0.9996334771763066
0.9978902788478339,0.9965139894373055,0.9996118357608196,0.9998105545963942,0.9998759840039889,0.9994642126921109,0.9998134263183179
0.9993784500181734,0.9982879530164481,0.9988901574773055,0.9999381157544807,0.999896954944949,0.999709972417493,0.9997833698471639
0.9996651071072328,0.9986026095181251,0.9996311188154249,0.9999631837203498,0.9998848663583761,0.999843667227628,0.9997712369582671
0.9995522064700941,0.999317243397564,0.9995985212949088,0.999885023351317,0.9999485998626269,0.999805055202984,0.9998319001660342
0.9989039545473407,0.9952135626100491,0.9985313047051902,0.9995085679890123,0.9993283774783643,0.9983605418610932,0.9983743997252482
0.9974146628724693,0.9991800701811692,0.9986945717976364,0.9995984555422636,0.999690396689302,0.9981794593692579,0.9982537580593323
0.9994670374919393,0.9998207179333195,0.9997443255014111,0.9999430262770278,0.9999271246558413,0.999791489498291,0.999451375513588
0.9930599499508027,0.9899748604337737,0.9980125315846814,0.9997861616866337,0.9998365394345144,0.9983535069849967,0.9989617312608619
0.9993323538453418,0.9993316951592713,0.9987221497662426,0.9998752914113668,0.9997445776055855,0.9996112995237152,0.9992673338539009
0.9955199727002981,0.992191228792631,0.9993154324672677,0.9996567805182371,0.9998891493226038,0.9997759315036869,0.9996413852038313
0.9980565669309672,0.999248376468955,0.9986358628717411,0.9996019340851428,0.999667906957976,0.9972531937028181,0.9987264551636299
0.997868791534172,0.9988750901133852,0.9995172928667858,0.9999598155536328,0.9998858006401543,0.9997752977318031,0.9998351251030448
0.998187227231934,0.9988178615903401,0.9996757012000814,0.9999091671484414,0.9997914561229873,0.9991788612516485,0.9994070515143092
0.9972495238403076,0.9934966734620141,0.9990335620235018,0.999767803008463,0.9996626773355947,0.9988727302475893,0.9996661181176386
0.9983972788258765,0.998768158693859,0.9995453524552425,0.9999599257853945,0.9999025031141584,0.999622858852739,0.9993343630108317
0.9983544898095449,0.9977496967091684,0.9990709133340357,0.9999063658617452,0.9999357601605507,0.9996819223521146,0.9996964555111919
0.9996771623703851,0.9983814743189959,0.9997076657948747,0.999908199100915,0.9998830089212801,0.9998582909900469,0.9998338485271823
0.9963023458995999,0.9978477698006897,0.9968321215684979,0.9998739460413147,0.9999279950947514,0.9985858292167819,0.9996409349835623
0.9995239032085991,0.9986139185606696,0.9989744464870611,0.9999035453142999,0.9998692213441774,0.9998475488565645,0.9996942367994366
0.9991038878602923,0.9995419866069833,0.9998720299564261,0.9999444893139003,0.9999413894347531,0.9998663889035212,0.9998432597085614
0.9991831190620278,0.9987546306850124,0.9993404505872044,0.9999122999691629,0.9999474150971265,0.9999114855772511,0.9998013524171364
0.9979542400711914,0.9981130530194654,0.9996609082304128,0.999801845800829,0.9998430364662256,0.999849623051269,0.9995767461179603
0.9971421545093424,0.9990030865309407,0.9985666961935203,0.9998563335723288,0.9999042907726424,0.9996323216696512,0.999738814524463
0.9976991294854314,0.9972270832765608,0.9995932128667194,0.9998741478772302,0.9998031670205848,0.9992185321926678,0.9988585447950459
0.9981041729294112,0.999406578456358,0.9987184154324029,0.9999667496336303,0.9998252844806015,0.9993354378762974,0.9991921848640268
0.9984434731054711,0.997914421467957,0.9996739786651211,0.9999145793907046,0.9998969986822688,0.999502907149066,0.9997062654418168
0.9992461741711363,0.9982180897124371,0.9994667656542832,0.9997743291036602,0.9997768161734196,0.9991180404630898,0.9987962380195735
0.998722469394023,0.9980664605701064,0.9996327662991662,0.9997704129850774,0.9998841423810401,0.9995492188450884,0.9994111786955739
0.9966392093527061,0.9960531766134672,0.9981833605630612,0.9996904396426256,0.9998562147427865,0.9987018201165972,0.999563399678468
0.9972832431108182,0.9994282818426508,0.9986647943500229,0.9998005907489143,0.99990384331296,0.9982538700580106,0.9993018805063113
0.995526858584945,0.9953813847201066,0.9972258723098725,0.9998034826197187,0.999725287936057,0.9979168730329235,0.9985976027055429
0.9992233127794022,0.9995952400019764,0.999797780012661,0.9999664215312368,0.9999556601756396,0.9996903559827891,0.9997691695701519
0.9989037113372352,0.9995620071471645,0.9980755559454044,0.9998264649060808,0.9998815406929557,0.9984157004409715,0.9995917234131771
0.998979175455723,0.9978497812039852,0.9995480811335583,0.9998701460233677,0.9998720545136731,0.9998406435611561,0.9997603388112694
0.9993558381119234,0.9974668181193729,0.9997189585719977,0.9999242259010107,0.9998712753786241,0.999788206563099,0.9995951149420573
0.9996419206066396,0.9982312294379415,0.9997278828631193,0.999903697418273,0.9998745302374062,0.9998534578321288,0.9997508981658103
0.9994428462169208,0.9979611819944829,0.999657861542749,0.9998016517090846,0.9999435249049277,0.999103651197958,0.9998649621256375
0.9951042697091135,0.9867775686023916,0.9984495122666958,0.9997576000238519,0.9998237464819796,0.999699484463749,0.9996697020135535
0.9992927256198343,0.9986779305652218,0.9991456116671831,0.9999274547196187,0.9998034857508674,0.9998859990026592,0.9997349887207149
0.9984204678159698,0.9979749897792239,0.9995897937646206,0.9999144278569859,0.9999368325720694,0.9997869361805182,0.9996727603061798
0.9996395350196938,0.9995508875805601,0.9996597932526322,0.9999215798242108,0.9999520536896256,0.9997603958939859,0.9998273697002319
0.998194337325999,0.9976637418664092,0.9983009226124038,0.9998978364517788,0.9999086753578151,0.9992419270972412,0.9997179670116424
0.9985201680754218,0.9993969074756908,0.9986801073177126,0.9998827623228931,0.9999582102282281,0.9987704286153688,0.9996213946370849
0.9973684995451124,0.9990839332155715,0.9994412199018234,0.9999081987066414,0.9999152755936849,0.9994091777740262,0.9994298113344832
0.9992905412825528,0.9991549109031043,0.9997204918138142,0.9997944413160391,0.9998720876781543,0.9992437819935082,0.999623161538011
0.9966375182365288,0.9987079294574823,0.9984769456506518,0.9997111700059075,0.9997140232748375,0.9976552072089225,0.9983856645117425
0.9992555350326615,0.9982950147242264,0.9997641723847409,0.9998565912066333,0.999919224224552,0.9997299829835229,0.9998393022423006
0.9985342363238708,0.9991754815425251,0.9994826532419043,0.9998861577810748,0.9998593711302599,0.9992760609278962,0.9991547960574653
0.999757521921023,0.998913038627475,0.9991491874298206,0.9999135890013812,0.9999126016704089,0.9997775018422781,0.9997155599919423
0.9997941287686106,0.9995972315632629,0.9997936751605059,0.9999356370283473,0.9999621346859946,0.9999084402893426,0.9998841923163961
0.9995983008634884,0.9992711579813816,0.9993413301450689,0.9998520485698932,0.9998102233182615,0.9997820818888715,0.9996905132937339
0.9978997374666871,0.9995976216272588,0.9990784820658988,0.9998057628555403,0.9998352644634099,0.9981174189801867,0.9993985218623421
0.9963582293606114,0.9982377343766641,0.9981954534030726,0.999850712080397,0.9999024764786627,0.9988174075212113,0.9992611166917525
0.9959820200419252,0.9997122042933142,0.997481186182947,0.9997159200583691,0.9998042703265159,0.9969452827599037,0.9986972410374126
0.9984591631340016,0.9936422784100396,0.9996579091034131,0.9997371856166247,0.9996749538825926,0.9998186665292313,0.9997144615685278
0.9988025053685857,0.9975852783724031,0.9993083197314252,0.9998895198352263,0.9999025697272081,0.9990367095032268,0.9996736403974713
0.9990825168896833,0.998164937242509,0.9992831549231186,0.9999265770472296,0.9998916352596119,0.9996072412522734,0.9994618069337529
0.9990992723264359,0.9979954450502974,0.9989937203070535,0.9999147619252461,0.9997832551530882,0.9998138161569018,0.9997334117259624
0.999276826188961,0.9983408687211826,0.9988459120614283,0.9998959851047832,0.999777855735149,0.9997541730093792,0.9999272174051544
0.9995217296970345,0.998317387221855,0.9984983472981529,0.9998799696344794,0.9998482159291806,0.9996679156960828,0.9994052823084225
0.9992075936798219,0.9988180964806985,0.9998659986963999,0.9999395598993492,0.9999506359021185,0.9997964754196886,0.9998704005313586
0.998224106929303,0.9979221976313268,0.999419865024033,0.9998369794882834,0.9998273139251745,0.9984417811824062,0.9995332881043125
0.9984454272764396,0.9993850650829903,0.999527918755767,0.999757601838298,0.9997600734733725,0.9991533400266336,0.998705752906119
0.9989712619683735,0.9981208472457723,0.9992624200498431,0.9999165848778234,0.9998917939006013,0.9994351777213297,0.9997707246763844
0.9995716653648604,0.9984609888847997,0.9997843578907377,0.9999501248140672,0.9998938816571822,0.9998362006285975,0.9997258743576719
0.9987243368727139,0.9987044740375569,0.9996937045147365,0.9998735884447487,0.9998948716391091,0.9996864169561711,0.9995994688691174
0.9988291660334213,0.9972541977629986,0.999661528813859,0.9998977291330263,0.9998140296687643,0.9997000659088848,0.9996472374868893
0.9968795171357863,0.9994719837147996,0.9965854346628765,0.9998642359785168,0.9997393448029818,0.9982052459520949,0.9992628532800586
0.9985032649460411,0.9976807233940284,0.9994963692920549,0.9998553610997123,0.999904415611102,0.999709420324075,0.999779106254042
0.9962931730191374,0.9927348032182065,0.9998324830359955,0.9994942869241155,0.9994944848911154,0.9995146641743917,0.9993080632152561
0.9991588942538595,0.9965757882979823,0.9996603519919093,0.9997606310458276,0.9998768867443188,0.9990296592973276,0.999662345987366
0.9998408090576999,0.9985877783198368,0.9997119949315547,0.9999396948687678,0.999920242410581,0.9997411481083345,0.9997301094120925
0.9977645749229741,0.9986926213983907,0.9996847186993242,0.9998693808931262,0.9999413816462002,0.999797358086402,0.9998285899304596
0.9974800553414862,0.9962813722309145,0.9974699178171303,0.9995933204100016,0.9998086913543043,0.9969014264056074,0.9986445798605663
0.9996354231852927,0.9998056821586485,0.9996629599215117,0.9999643073226102,0.9999486410766922,0.9997593178895254,0.9998194244787597
0.9956220277224417,0.9872017521970771,0.9980350564742135,0.99975393686244,0.9998234997799879,0.999640618821256,0.9994835583781463
0.9972229602221211,0.9987576342210612,0.999216744533298,0.9998700545500845,0.999952145096809,0.9988042220648721,0.9996964063275016
0.9988733438029918,0.999579310179837,0.9973775380314585,0.9997735247139717,0.9998227255576474,0.9968910809357381,0.9993793163117686
0.998330481930225,0.9984451597072281,0.9983455498181234,0.999709415620941,0.9995312327412145,0.9984674644652667,0.9983370439304795
0.9985984924969166,0.9979288638019008,0.998174840385403,0.9999204221641476,0.9998371334218831,0.9989593231738679,0.9991475184511023
0.9978231627104232,0.9972682839989019,0.9994658073948973,0.999878163963906,0.9998796936752037,0.998768211469149,0.9994787172499812
0.9992050957457285,0.9987447968683223,0.9991097407629246,0.9999096079295654,0.9998992927291451,0.9995777980038518,0.9997606488568587
0.9974816776351663,0.9982832387793569,0.999122235110214,0.999796903964176,0.9998139540237115,0.9984144112932202,0.9993932820985555
0.9976715550691498,0.9983190554487765,0.9998141486722018,0.9998502809722052,0.9997901951072032,0.9987572108663225,0.9988559850902391
0.999125638104038,0.9974883956742868,0.9993424334369237,0.9998489980140596,0.9998147992924454,0.9990594860558543,0.9994445652675927
0.9962972329153065,0.9991468781233784,0.9977559109011468,0.9996740514834672,0.9995435265663107,0.9982256965049873,0.9978326164455997
0.9981842890034734,0.9984370822429075,0.9989182259641125,0.999868462806213,0.9999175098696805,0.9977235359924765,0.9995684861921174
0.9988969723793267,0.9976053111458874,0.9997657860033219,0.9999412956705932,0.9999109163685356,0.9997774442406703,0.9996564746078879
0.9991998139103242,0.9987792065150914,0.9996069152446725,0.9999386657239389,0.9998084424222355,0.9995026402596264,0.9995199091967161
0.9980486030799596,0.9994304400175231,0.99940069803636,0.999791039063665,0.9995955907943073,0.9996616238999889,0.9987936245632622
0.9985382204716072,0.9982382193637479,0.9987448641859923,0.9999317625441714,0.9998469300290712,0.9989176266799706,0.9992161339253439
0.9987499930279314,0.9990292354294971,0.9985820272441819,0.9998329014798825,0.9998417101114797,0.9986542832329754,0.9984174855865188
0.9987744527463321,0.9979371451814985,0.9991498168028362,0.9998543372677366,0.9998508923450888,0.9991160498018897,0.999692836436943
0.998363100871378,0.9985408361189565,0.9989078844027014,0.9998338393682286,0.9999230611578327,0.9983579107107107,0.9992900330462093
0.9982701070426074,0.9993560222849679,0.9992207984897855,0.9999318091005239,0.9999130252021831,0.9990790149438262,0.99906390896107
0.9932127210530152,0.9903581751193852,0.9988280581870622,0.9997233887088619,0.9998345359677666,0.9997665707174145,0.9996443413484276
0.9991993125724943,0.9933885689185158,0.9998319018561967,0.9998048146927199,0.99970575614727,0.9999068115894143,0.9998691622189759
0.9997338874257952,0.9982776787754606,0.9998731643097688,0.9998927463241597,0.9998911459576173,0.999531742029984,0.9998588530011423
0.9989195510040825,0.9985256740180325,0.9997819624332646,0.9998730217623386,0.9998929539683956,0.999715050558054,0.999889792031418
0.9994420214302355,0.9988951354398955,0.9996849998655389,0.9999479496690162,0.9998916693819787,0.9997126921127667,0.999776008669608
0.9971880823480144,0.9968802824572605,0.9983591150419988,0.9997244755819543,0.9998494609906576,0.9987252917878332,0.9997446955174858
0.9983718665665521,0.9955611185249618,0.9997281996990818,0.9997922718814898,0.9999385759760321,0.9996632635795994,0.9998185506445332
0.9988594815887989,0.997905187197397,0.9984787878658906,0.9999109120344446,0.9998341326996452,0.9994071327678878,0.9992333372133229
0.9979031077362477,0.9986326906598871,0.9998244382352535,0.9998798598366306,0.9998213551757381,0.9993447847810254,0.9991742106392493
0.9993388125607332,0.9977507462771711,0.9996744194421108,0.9998908883304543,0.9999212521204853,0.9997613402765395,0.9996655293628214
0.9991520346631363,0.9992532625147881,0.9992610222783478,0.9998405523410795,0.9999105000753067,0.9989324779497922,0.9997474236903927
0.9995869447089881,0.999696917956204,0.9993502741462388,0.9999506591001454,0.9999484362722528,0.999797167723337,0.9997917027002019
0.998496958037048,0.9972565412797652,0.9995783643156437,0.9998060628374925,0.999905305418616,0.9996393905885415,0.9997354685837275
0.999731907283232,0.9990369244921398,0.9994548331190761,0.9999423567433815,0.9998833597991331,0.9998855172024528,0.9997381592436255
0.9979598796012337,0.9937514009975892,0.9989628964504246,0.9997455478667823,0.9997106372775901,0.9998557684173852,0.9996626682935812
0.9977036256738813,0.9979912730242568,0.9962395424111323,0.9995416961368053,0.9993053045319484,0.9970716073364997,0.9968878454396374
0.999502770714962,0.9997654077970469,0.9997262397079896,0.9999564314457472,0.9999312593629411,0.9996057857221281,0.9995912730538452
0.9953216439739153,0.9981637292587509,0.9967670122641423,0.9997988684699745,0.9996307866443668,0.9980872185143519,0.9987940731195659
0.9973569994015143,0.9972119384285272,0.9979357330098264,0.9997305989234808,0.9997048107894203,0.9986884364280711,0.9993653433440138
0.9983336325535775,0.9990086923169298,0.9992228092936073,0.9999188464092121,0.9999009558404606,0.9990195352653923,0.9989731316007608
0.9980631419040564,0.9981915748377913,0.9991543583586261,0.9998482922206691,0.999921347972192,0.9995343704541666,0.9996093630886687
0.9915212386876175,0.9969299795380117,0.9952983722308791,0.9997331539257714,0.9998130661622856,0.9971569949126271,0.9986400536479124
0.9993084273523245,0.9966373534031723,0.9983532205305382,0.9998690680988283,0.9998530907433582,0.9993951217749115,0.999490217694976
0.9980498050688552,0.9991781842334121,0.9977827513071298,0.9997697921507317,0.9997497278075652,0.9979356704989412,0.9989525172975982
0.9997319991970254,0.9996412379550403,0.9997956285106995,0.9999371756113924,0.9999544203685862,0.9999055455015359,0.9999212179875806
0.9967368540421429,0.9989595685479056,0.9957311250812524,0.9996280978878188,0.9993386151859418,0.9953637376597697,0.9975901295078752
0.9997906069001886,0.9980642936736918,0.9996863497550909,0.999812338385907,0.9998954789102894,0.9993504075925138,0.999678367572849
0.9990843750560661,0.9986314229475944,0.9984089867750382,0.9999384856403142,0.999902150348173,0.9991532385507883,0.9990258303903329
0.9997507763076867,0.9972376357410893,0.9994594673753544,0.9999195506490351,0.9996686667599334,0.9998223676031106,0.9996285828291342
0.9991760707107982,0.9989191085949275,0.9998192949843537,0.9998760983701708,0.9999546717954336,0.9998171649789752,0.9998661570063883
0.9989302579911437,0.9986259248894889,0.9995273537531506,0.9999168014440023,0.9998376659184228,0.9996891382730201,0.9997608111840449
0.9992983699936393,0.9987305713181994,0.9995042397912057,0.9999039607818645,0.9999550747264841,0.9998724125431817,0.999883307272518
0.9993653694938917,0.9990823384582885,0.998535700450766,0.9998626393349336,0.9997529553919261,0.9996883038018523,0.9995230431314222
0.9997771222404175,0.9991871136276333,0.9989379111497007,0.9999043961446251,0.9999481361026433,0.9996197195700004,0.9995921502936201
0.9994758737215286,0.9904707560146518,0.9993897206406304,0.9996666468918306,0.9990788704532271,0.9995554664236048,0.9978075014221947
0.9980824974288312,0.9992912102204905,0.9988598676391147,0.9997698697702104,0.9998695211772222,0.9980914507774277,0.9990678117488672
0.9982955681240555,0.9993781272914986,0.9988155538266146,0.9998352045437475,0.9999208285831377,0.9986515798322754,0.9996130455365552
0.9986176285090762,0.9978414652254469,0.9995434332515493,0.9998070449615973,0.9997114565776544,0.9995622131501308,0.9995303304377996
0.9980163948492916,0.9990252211921798,0.9990068222507297,0.9997329001975427,0.9996019418032246,0.998708411938542,0.9985620825390638
0.999613721262473,0.9993021104346255,0.9997643069894625,0.999809568869906,0.9998840358528694,0.9995723433291377,0.9996428661261899
0.996236581033876,0.9981705696790764,0.9995043787637222,0.9998223624754368,0.9999062000259674,0.9994031376359047,0.999334063365207
0.9971699780862919,0.9976265347733398,0.9997189606499723,0.9998317934186751,0.9998971184755524,0.9993903908798601,0.9998780819841362
0.999674229606331,0.9994586543079897,0.9995120317218696,0.9998328776416905,0.9999701113768414,0.9994818549895776,0.9996759421388042
0.9982733033119415,0.9984267480461693,0.9983037365220355,0.9999364649673239,0.9999260370708597,0.9991790637481786,0.9995096454834487
0.9982483984447897,0.9985552888274658,0.9993091805035226,0.9996834973944139,0.9997078754601059,0.9973594824800152,0.9990787080512298
0.9994839224019791,0.9990527566927717,0.9996500337781171,0.9999614356090762,0.9999288276265306,0.9998741801068307,0.9999147201007594
0.9984867676172804,0.9980494226935429,0.9996986521894402,0.9999697606339567,0.9998510468224976,0.999718986233154,0.9995699007472139
0.998269490978339,0.9967450505985619,0.9987117864085615,0.999753595806324,0.9997662637353866,0.9997468454571582,0.9993279746091859
0.99929154229307,0.9971603856686259,0.9997312536301187,0.9998620422913341,0.9998528151886118,0.9998247022429763,0.999827567879743
0.9983366154697246,0.99904513962267,0.999764882320594,0.9997870648810321,0.9997892583393605,0.9997878052920409,0.9992889037997872
0.999423202066514,0.9991140696888022,0.9995990460596733,0.9999281768084837,0.9998565145394634,0.9996895312613394,0.9996410129016933
0.997478685759201,0.9962798772781355,0.9990175315282267,0.9997988703613472,0.9998062975528532,0.9997464664055827,0.9991553145549892
0.999226217705758,0.9994663165405551,0.999811842239962,0.9999017522391087,0.9999136562480391,0.9997867450071224,0.9998496571773612
0.9990276098820358,0.9980518460314528,0.9990681847553115,0.9999062851022866,0.9999234589624436,0.9993320165918458,0.9998379779583684
0.996399403558152,0.9963250554148279,0.9987123660171555,0.9997414950175756,0.9998955675851288,0.9990349787547657,0.9995274620458522
0.9987029538557607,0.9991001899639873,0.9990276228593306,0.9998638631841998,0.9998017063030974,0.9993587641476318,0.9993371011297396
0.9994388395381875,0.9994161811730887,0.9994767186313491,0.9999125006423579,0.9999422844808797,0.9998727332575514,0.9997326981243252
0.9985590511433259,0.9995055979233765,0.9992792528976712,0.9999477745840024,0.999917802036613,0.9992497757781499,0.9997274981417178
0.99914605381667,0.99728754059954,0.9993094869185771,0.9998607338451823,0.9998816316199427,0.9999124230522329,0.9998041811630544
0.9977233319728167,0.998018322869687,0.9994951764494034,0.9997274692771217,0.9997618896235951,0.9979353863007014,0.999255384258403
0.9991834828589463,0.9996221369862608,0.9983600259556603,0.9998246614831283,0.9998837778685691,0.9989126894054682,0.9997031565589626
0.9945175986896512,0.9978178222772398,0.9993201964292326,0.9999015020298808,0.9998793507989905,0.9977829945644626,0.9991122848064589
0.9991510351621927,0.9996768189802105,0.9993551333759384,0.999913442161711,0.9999386456517618,0.9996766227247491,0.9998608787404349
0.9984979257269454,0.9983389486922775,0.9991394423006925,0.99967068851707,0.9998515773371727,0.9975443707513193,0.9991288848251431
0.9984054267089002,0.9979644368450274,0.9983490003204778,0.999900593888001,0.9998327696146574,0.9998078509406224,0.999626662099571
0.9966399545117602,0.9991150276690816,0.9973132786099398,0.9998293703714115,0.9997534848714068,0.9986009630250097,0.9997156686121983
0.9963808013903659,0.9974464180961987,0.9975766101748224,0.9997719336053311,0.9999336246384405,0.9982305290886424,0.9995165229194445
0.999290943007569,0.9992991439228325,0.9993759853649081,0.999876900497329,0.9999525500567107,0.999565431294727,0.9997280702543105
0.998203411018462,0.999045943931543,0.9988275976279309,0.9997177947509905,0.9997668272981337,0.9986778827888207,0.999177944175383
0.998656176095736,0.9986451364747377,0.9995362786588805,0.9999510573272453,0.9999136666548966,0.9998435670934119,0.9998448537141628
0.9984066569658362,0.9981200436283604,0.9992474655497791,0.9999492508744126,0.9999383089110522,0.9998146212453425,0.9997357406264294
0.9991996670748585,0.9996559496622499,0.9995426057818735,0.9999294466852355,0.999936342502773,0.9998835532640864,0.9998342980246594
0.9962553222867095,0.9968186394785343,0.9987639307816304,0.9998913383905913,0.9998940156857331,0.9990594397972506,0.9988900111280461
0.9987791128315752,0.998151523449805,0.9992376937576235,0.9999116104049611,0.9999487323086172,0.9995286924316308,0.9997324652467882
0.9993261585949598,0.9993854199755796,0.9990820960912236,0.9999003536516756,0.999912430936474,0.9988568829916793,0.999757590453001
0.9967834727369719,0.9997446006068949,0.9993041730478117,0.999877653340643,0.9999107619860113,0.9992452783027322,0.9987555432657117
0.9974197858403566,0.999294815676534,0.9992587271700946,0.999896157980015,0.9999552217485107,0.9987988568664072,0.9996957455551648
0.999129272333085,0.999653299594062,0.9993743332985806,0.9997562380066349,0.9999208785237971,0.9988854654918544,0.9995308380713521
0.9979232772147254,0.9960602498823149,0.9994753019513092,0.9998675487546248,0.9999315977494996,0.9994282981636078,0.9996294542669734
0.998753571406688,0.9985582638841825,0.9992264312644984,0.9998732259644916,0.9997764614973293,0.9994589032761053,0.9996559164202112
0.996731895941251,0.9956100742624674,0.9988958409439364,0.9997630785504737,0.9998737384885281,0.9994015298565078,0.9990371197727453
0.999781771132975,0.9997138887012403,0.9995190712802484,0.9999571600286105,0.9999480852606321,0.9998268220496801,0.9999150711237981
0.9981301724063143,0.9970114139059072,0.9995439007884483,0.9998994217368973,0.99991382036187,0.9997198655377826,0.9996857559434753
0.9981224827219889,0.9913100473945384,0.9994375414662052,0.9998077671558249,0.9995137204586626,0.9998194625366867,0.9990480956436701
0.99891129487642,0.9978089657098134,0.999473123040936,0.9998629247403265,0.9999035006827589,0.9994518690525777,0.9997497151493092
0.9990628695597891,0.9993072014259498,0.9994434668645359,0.9999518847465146,0.9999126528071933,0.9996652540557526,0.9999268309644924
0.9988891118696052,0.9988079992083856,0.9997526286310134,0.9998823652882946,0.9998454202131885,0.9984843344640968,0.9997066499339955
0.9978100177658548,0.9995066611870042,0.998998072554654,0.9997559374581738,0.9996114723928665,0.9986486641969695,0.9988614582031704
0.999191430055679,0.9993344563931541,0.9982355213608599,0.9996363567970503,0.9997368515912427,0.9985246234386365,0.998650739717093
0.9964880116090656,0.9994543614583529,0.9970736837839806,0.9998501095935202,0.999801916967745,0.997533962594344,0.998432347705957
0.9995059599060496,0.9992199225899503,0.9997933622056704,0.9999435764997028,0.9999108056416937,0.9998841161729312,0.9995558323679137
0.9993848780652703,0.9985473049569227,0.9996160180773381,0.9999107732168899,0.9998858833455952,0.999724276331125,0.9995849938685786
0.9991771112986526,0.9984473714264606,0.9997967311800035,0.9998853206751609,0.9997183011971134,0.999684921304472,0.9992867846350679
0.9988674468798993,0.9988515456604542,0.9997226205436858,0.9998869168105506,0.9998545685723567,0.9996252795293189,0.9996240312083559
0.9978068112363475,0.9985033704979823,0.9991534010164509,0.9999268693732033,0.9998726173871284,0.9994420618798185,0.9991305229179964
0.9995970701258761,0.9986790892577261,0.9995477640331923,0.9997303730029294,0.9997372339275842,0.9986414292256012,0.9993799730220159
0.9977032979506049,0.9945839010567094,0.9979140034296121,0.9998317388453588,0.9995473140698957,0.9998605605602627,0.9988669248937454
0.9992669343725346,0.9987864154220559,0.9987818996065565,0.9999101691538963,0.9997570349196516,0.9996720124611752,0.9997432661532734
0.9992929854533368,0.9987564179993765,0.9986246753381286,0.9998476965026669,0.9999151468880308,0.9992588113847561,0.9994100143811447
0.9971814753624832,0.9982814646552226,0.9997308264449374,0.9998471479995353,0.9998668849548681,0.9998774139188567,0.9997350027548069
0.9987053004149821,0.9976253434484011,0.9996912145557842,0.9999158379111142,0.9999194487908536,0.9996718597460083,0.9999342735445188
0.9977132823567996,0.9974544764689461,0.9992126210769244,0.9999368803905271,0.9998994892982247,0.999598733230486,0.9995252050759139
0.9981539063347101,0.9987490596176383,0.9994605572715297,0.9999227988604746,0.9998990053768099,0.9997428005139357,0.9996856129264073
0.9994677788909684,0.9978595258179297,0.9997092468895877,0.9999259289014922,0.9998338111056768,0.9999029302998443,0.9998381720048627
0.9982124819428522,0.9993166940197364,0.9990979681596834,0.9996980804071831,0.9997858430324785,0.9982741625002489,0.9991901382746862
0.9975551680673533,0.9991228933280151,0.9987220641946013,0.9998225381937836,0.9998634676438103,0.9993166605844522,0.9990406912303562
0.9988291221900123,0.9981565156214459,0.9982103500961682,0.999735137395831,0.9998118753682745,0.9985990019005737,0.99955009155476
0.9989122450937183,0.997650818732211,0.9994929114214574,0.9998737941267442,0.9998956152733853,0.9996951931944787,0.999693297603277
0.9995598510677595,0.9990358026147497,0.9994487185518021,0.99991700022573,0.9999049850568952,0.9997624779848687,0.9995930493947991
0.9992964504585995,0.9987022568100105,0.9994304554891227,0.9998854933098934,0.9998702426185002,0.9996248219454992,0.9995714915365085
0.9985267004812313,0.99947900165886,0.9998463084587024,0.9999448805048538,0.999952959041599,0.9997507864702587,0.9997362977327127
0.9947053704510995,0.9953600911125978,0.9982103512401858,0.999840046933791,0.9998955905966035,0.9992817482158851,0.9994027632997382
0.999351144384659,0.9988435848268592,0.999477393579376,0.9999583628251737,0.9998019940909902,0.9997662868241225,0.9994242625722761
0.9963364736043886,0.9979909608330088,0.9984505468281141,0.9998903712655636,0.9999625546351145,0.998624604012968,0.9995892327952103
0.9936927697334251,0.9993013128404842,0.9968094408477709,0.9998656425080672,0.9999501068821437,0.9980075784213461,0.9990993978231806
0.9969662235796618,0.9976098774684489,0.9963333293804922,0.9999227590129617,0.9998113754150341,0.9998283641351607,0.9995125528968654
0.9991282229919278,0.9992123721839026,0.9984812020329363,0.9997909404147445,0.9999020218882653,0.9984803641494961,0.9991732070833459
0.9979356131788374,0.9979256683842874,0.9994166638643837,0.9999111303557148,0.9999121076990685,0.9997648329633555,0.9995822081296186
0.9990950544398177,0.9992304661480931,0.999740382666666,0.9999077875041669,0.9999572822090487,0.9998307501168412,0.9998668727159641
0.9973828918791486,0.9989153911258175,0.998959965306747,0.9999168485305225,0.9998931967024013,0.9980155810966203,0.9994751394590924
0.998650043843081,0.9986155808104812,0.9981658975387931,0.999800220242055,0.9997601136253679,0.9986791019634543,0.9989818121803252
0.999668416933926,0.9992287572214613,0.999716304704694,0.9999269328320753,0.999943123118127,0.999585807537759,0.9997955856435836
0.9991723330133554,0.998946460564085,0.9994429436316582,0.9999214543996556,0.999814722446297,0.9988034234217005,0.9996338352504789
0.9990629569208684,0.9980383377442118,0.9989783655254104,0.9997491212385564,0.999860342047979,0.9981179944744852,0.9994116338396741
0.9980530333859592,0.9952813934136053,0.9982463653119441,0.9996862722373663,0.9994134169472313,0.9989967810239984,0.9993645766957985
0.9961355496531196,0.9969819273913374,0.9984723843704612,0.9997849074761797,0.999870440768463,0.9996922909483319,0.9995597751055697
0.9990348335968534,0.9988232903625561,0.9998089459142916,0.9998880225590194,0.9999394351207369,0.9998800751746318,0.9996558740842791
0.9986951546016429,0.99832306919023,0.9991340750861726,0.9998540718370614,0.999911187797189,0.9990669832224404,0.9997185417152697
0.9989367867325277,0.9992147313712291,0.999510610128972,0.9999138174022041,0.9996790519580527,0.9994433902488734,0.9992202908233221
0.9993134262940685,0.998027872705502,0.999543270110406,0.9998882022750701,0.9998627698552044,0.9997714223570177,0.9995911843755002
0.9994292566146108,0.9988663842873761,0.9991192583062255,0.9999493940985351,0.9998717004229647,0.9993251082543159,0.999638159743933
0.9989948548826896,0.9984297359734701,0.9988424242662123,0.9998845120206327,0.9997546745314971,0.9987179257724829,0.9997440768620448
0.9973906005373084,0.9971480176156677,0.9993803821944238,0.9999007392741242,0.9999187528201745,0.9998518633638772,0.9998628295152884
0.9971834526678562,0.998391662903727,0.9990314720578309,0.9998956143035839,0.9999304134147667,0.998848393558301,0.9990672366039876
0.9911978489219562,0.998722487910901,0.9968638268461567,0.9996953318438493,0.9998199001817087,0.9945435307657761,0.9974503248956343
0.999130627500707,0.9991099343673866,0.9996664432005414,0.9998872226010633,0.999835085059415,0.9997670312335785,0.9994440644281319
0.9992583920929488,0.9987962153119779,0.9991881523497554,0.9999308411895207,0.9999086003441262,0.9995995149368315,0.9997105211538344
0.9997689289428734,0.9994189344321377,0.9996394498138355,0.999939071535778,0.9997971458577344,0.9999080366732759,0.9992953562067158
0.9926256891991178,0.9995260933252402,0.9956345320803366,0.9992079268422364,0.9986859427394302,0.9921889068033719,0.992333569314416
0.9995581220243384,0.9987814538053316,0.9990514400128978,0.9999303813853084,0.9999514553696551,0.9993949373856111,0.9998747132059098
0.9993030314585997,0.9986584317638513,0.999711399217078,0.9998893009968367,0.999775245450778,0.9990383462310596,0.9995242351981217
0.9995857851050074,0.998972335627101,0.9995035665451794,0.9999125435590049,0.999892044903937,0.9994035745163752,0.9998676783431225
0.9996730632440255,0.9991494621476777,0.9993387752801167,0.9999634587091859,0.9999508613444588,0.999900278922007,0.9999023212890182
0.9984366415116606,0.9980164745243478,0.9962259569207319,0.9997323469447722,0.999699692604409,0.9974335829742023,0.9991938257203894
0.9968027238840752,0.9990491390306925,0.9984082858600859,0.9998804700017873,0.9998938396376956,0.9983439158985938,0.9994893890138105
0.9988791143321292,0.9927167754722166,0.9993338640599642,0.9997638831056731,0.9997535669712461,0.9994264621371722,0.9992463878245837
0.9967225617449089,0.996299487384654,0.9981246528187575,0.9999487337541665,0.9999284834185227,0.9992174084531135,0.9996177805171421
0.9985933403443107,0.9975723940409106,0.999430283203757,0.9998456553307755,0.999914576823493,0.9998424969389108,0.9996628586927078
0.9989770621575417,0.9981068438370009,0.9986293837287766,0.9998919554155687,0.999959771143552,0.9996356973292571,0.9997843645817726
0.9992626196853912,0.9994211046016388,0.9987765050790953,0.9999053803405837,0.9999344306380793,0.9988159025236629,0.999780035474788
0.9986638435496729,0.9990698837405554,0.9997843474499739,0.9999438572342457,0.9999345132556476,0.9994622394443604,0.999716527818735
0.9978666292881274,0.9994447482419586,0.9981814109448758,0.9998848859779983,0.999816765008063,0.9992851514878263,0.9995719363434312
0.9986131218511702,0.9987219221536495,0.9995482438421858,0.9999326251326589,0.9999172609691835,0.9996518331112927,0.9997055769234153
0.9979657258039352,0.9948618875836669,0.9991772791929711,0.9996450300259114,0.9997206820431906,0.9998795684354478,0.9997018404107171
0.9969973339771512,0.9990934896477145,0.9986901338806214,0.9999109674041665,0.9999297680374716,0.999135158623411,0.9985514858812315
0.9969515110494759,0.9983635469357147,0.9985110244758274,0.9998446728423548,0.999871077343147,0.998228039738768,0.9994878844391026
0.9993582375404609,0.9976664641942649,0.999384080728507,0.9998098627245977,0.9998376871111083,0.9996799427488161,0.9998785899574356
0.9991046680110129,0.998204959616282,0.9998534408683908,0.9999026622846721,0.9999618769747798,0.9997514091580446,0.9998534899502141
0.9994651892717179,0.9992396858035916,0.9993464070152436,0.9998461544374189,0.9998282111624464,0.9993314033167622,0.9988183056695196
0.9996209163126544,0.9987042432698835,0.9992708754426995,0.9998960736067999,0.9997679247913723,0.9992956313188016,0.9994452908440299
0.9981938901923811,0.9983965906647133,0.9990148042252395,0.9999560736889376,0.9999409165639715,0.999810125744065,0.9998350654010688
0.9990348503631277,0.9990826649777507,0.9995059165161068,0.9998632792108241,0.9998643232021526,0.9992554850395692,0.9994861540864302
0.9980041909824799,0.9973970860664131,0.9995655037581025,0.9998315299516402,0.9997938853132535,0.9996179005231318,0.999590175102476
0.9994679188031864,0.9989199216260816,0.9993199945421151,0.999905137008556,0.999875257841136,0.9996440196074606,0.9995384986980851
0.9987700999188266,0.9985931175889354,0.9972118939141066,0.9996955706796711,0.9995818976344402,0.9981340928457078,0.9982275332442846
0.9996044144797931,0.9983074970017716,0.9997969141727222,0.9999534268275004,0.9998484580010318,0.9998331836962695,0.9995558175520108
0.9993561300941682,0.9995283836986973,0.9996608551258417,0.9999369731377158,0.9998995085225929,0.999831851949267,0.999728777088099
0.9993929198817885,0.9991630138158945,0.999417591750097,0.999936027247727,0.9999216584643962,0.9998616631408181,0.9997207963292055
0.9993050399543157,0.9991564980397397,0.9995185693601314,0.9999566050789177,0.9998496876722575,0.9998469545592837,0.9997298016106343
0.9997452269130572,0.9991590679339695,0.9997143287269223,0.9999459298518897,0.9999250720564795,0.9998433763080266,0.9998943320836929
0.9986417515658201,0.9979254630861061,0.9981811166375942,0.9998968957227766,0.9999147525642629,0.998683848549117,0.9993907871332343
0.9991582062802364,0.9997062270394043,0.9991186897536785,0.9998058294082065,0.9999102625632776,0.9983216809138934,0.9995390842573085
0.998895006670696,0.9976744103042311,0.9997668065981887,0.9998709256402366,0.9998861648850138,0.9987485995242699,0.9995700649462947
0.9994161466930955,0.9987761001482385,0.9997393935965054,0.9999326017820067,0.9999311830392797,0.9996257044531958,0.9998220518499513
0.9994555063244742,0.9991166633117635,0.999260234780841,0.9999106834572635,0.9998134693186245,0.9997879388769415,0.9998160121056979
0.9995668745618538,0.999075519120477,0.9995523946740611,0.9999078939381535,0.9999190277368235,0.9998081637489438,0.9998879155835836
0.9988126135516153,0.9982853026249779,0.9995522657790586,0.999848904159106,0.9997755386160313,0.9994874966363253,0.9993429195744064
0.9980449419974627,0.9971694026354736,0.9993992193092688,0.9998798423395399,0.9995905124142747,0.9993052430153001,0.9987836863445977
0.9975640746678772,0.9985084084485304,0.9989648227694533,0.9998505369369455,0.9999021479354077,0.9974658767221913,0.9994142722718743
0.9993492485701013,0.9986521864503748,0.9997454372413347,0.9998723850838529,0.999909985251514,0.9996384660280351,0.9997966812494118
0.9980382674342884,0.9972635993760997,0.9995387006214389,0.9998140628592385,0.999806994506717,0.9984810247384108,0.9994094177516564
0.999311907711376,0.9996364785828217,0.9991086479251552,0.9997545277953974,0.9997773157292832,0.9990396709062505,0.9989787846643868
0.9987280307837495,0.9987511034046131,0.9993469080371908,0.9998464409319378,0.9998829939510082,0.9989960360979002,0.9998539160786267
0.9980925201807584,0.9987774256073833,0.9988512968812979,0.9999084993663145,0.9998665164810819,0.9996084742558676,0.9997363891667181
0.999598756277015,0.9997494613590185,0.9997794521182364,0.9998991268965184,0.9998319279050303,0.999500886693279,0.9992839652635416
0.9992992988005545,0.9981539335977557,0.9996429860253833,0.9999255685352608,0.9998750860000787,0.9998581293897943,0.9996318465676236
0.9987200148463053,0.9996397588227512,0.9990263773367238,0.9999584600383196,0.9998529811541266,0.9995315921707284,0.9994476597634877
0.9966828799362811,0.9972534870649142,0.9977118167552503,0.9997842770552282,0.9994442394135069,0.9984463341348897,0.9984146199112764
0.9913132680623707,0.9988364276089885,0.9982400954391838,0.99986051923744,0.99982357762564,0.9970294225382607,0.998079944681453
0.9959618130368734,0.9993127419567166,0.9980832725214724,0.9998505256346449,0.9995961553791902,0.9974422124855965,0.9990049261465873
0.9951585266075968,0.9974159913689824,0.9953639070303336,0.9996033271845483,0.9993728224219259,0.9982481502719863,0.9974823160360998
0.9992277780433799,0.9987709293253481,0.9993781019079551,0.9997059546920135,0.9996509918616256,0.9995753544375374,0.9983549897629245
0.999001390967353,0.9969142740347675,0.9989640375471458,0.9998613721382993,0.9999090425028186,0.9994923650675206,0.9998168093137155
0.9987125492930109,0.9981582171138726,0.9989925771119378,0.9999213039861081,0.9999033302539083,0.9993572784566837,0.9998143453709435
0.9996648816013012,0.9995810818292904,0.9996740412283881,0.9999131175191943,0.9998759933978265,0.9997049241073369,0.9997629976839533
0.9991167728360145,0.9989773083241325,0.999274456156512,0.999918671105224,0.9999229570468038,0.999379804801996,0.9996908252883595
0.997582400006945,0.9987109554089161,0.9973445674232018,0.9997528084084142,0.9996500518863556,0.9989780481512179,0.999521509933833
0.9995138176280938,0.9997098254401188,0.9998428579266313,0.9999355376831097,0.9998203504474851,0.999866244805419,0.9996107284637383
0.9994080162730671,0.998230542911487,0.9993079395080279,0.9998139176775026,0.99979238735516,0.9986922910036112,0.9994739154159131
0.9962187177554065,0.9993445582949481,0.9978500124556124,0.9998002229376615,0.9994637652750304,0.9976032210488318,0.9979179003388031
0.9983474314166976,0.9978197568558824,0.9996377493698725,0.9999468310045219,0.9998511257672161,0.999869702303322,0.9997136426340659
0.9989655522881862,0.9981882806110969,0.9993211747723773,0.9998409480944992,0.9997560536823881,0.9995762585655041,0.9997099664757179
0.9959502608773267,0.9979278584487812,0.9982279052272139,0.9998311843867472,0.9998981400837513,0.9988587673271665,0.999179396588415
0.9993030748573138,0.999530954976449,0.9992720427457574,0.9999344673771521,0.9998875192297344,0.9997189712924396,0.9997784231478101
0.9996574912345788,0.9989327644494314,0.9990509390609433,0.9999106499494543,0.9999266617123576,0.9994943466518735,0.99977883632996
0.9984678337310173,0.9983301168139591,0.99967978062596,0.9996453419926165,0.9997658654555243,0.9987588156111226,0.9994492951261928
0.9986107357287453,0.9991143100822801,0.999149519930487,0.9998944928444413,0.9998822566036266,0.9997849495927462,0.9993934345656811
0.9987906998394569,0.999389692445704,0.9988322718752678,0.9994320791191411,0.9992898558532943,0.9964578548504517,0.9976132379514056
0.99880628457886,0.9990037899600993,0.9996697490673071,0.9999217702186036,0.999927552734823,0.9995171685295302,0.9997111779346554
0.9984717989256761,0.9990810328281405,0.999424371259906,0.9999044830765846,0.9999371901363239,0.9997791386882978,0.999573301557954
0.9952813860696186,0.9996335194574145,0.9979912020523014,0.9997369327912552,0.9998805040340327,0.9968369216737318,0.9987064153079886
0.9973639464756594,0.9981444559052502,0.9990075431770932,0.9998113593974471,0.9996835706620035,0.9980177149883348,0.9990514179526186
0.9993533899658898,0.9995530079131617,0.9994547183860024,0.9999320142345841,0.9999414301106382,0.999593453476374,0.9998594168047692
0.996348866853994,0.9961533272736172,0.997698602199914,0.9997280437754578,0.999914909698544,0.99840438618416,0.9992305958650683
0.998250919245803,0.9972194196811771,0.9992689237041674,0.9999261693992151,0.9998857166042929,0.9998307663090729,0.9997261311474287
0.9975267520859413,0.9992865419880576,0.9972204216757767,0.9997671662297323,0.9998086450526088,0.9979779608814128,0.9983442333007977
0.9986307701645939,0.9983322004148701,0.9995867356309479,0.9998799026468013,0.9997525480663537,0.9994982666237064,0.9993768189643973
0.9982094090389991,0.9953252909698102,0.9987868851786574,0.9997375166558332,0.9995148662551032,0.9985600143094924,0.9985788044923902
0.9995998803638455,0.9991240117676801,0.9994921014588183,0.9998959827095671,0.999939755175931,0.999884205039943,0.9997075636195654
0.9996553675070612,0.9989403158333917,0.9988953199848882,0.9997084345753889,0.9997423164880179,0.9990536598947877,0.999394289199863
0.9987987622805627,0.9990293575589893,0.999538010389064,0.9998659808972968,0.9999498374886687,0.9995088541137768,0.9998312789056826
0.9975090785161275,0.9975113423472646,0.9989956880438707,0.9999103749367055,0.9998088607251172,0.9998916475229775,0.9998018259611168
0.9989310997353691,0.9976973963934684,0.9993688302864733,0.999933624867819,0.9999203904822883,0.99978975811097,0.999821361375224
0.999505568306382,0.9996706664506728,0.9989020022519058,0.999703744837476,0.9997836824652792,0.9978665505208522,0.9994402896977893
0.998259549723541,0.9978539665473545,0.9988510368881754,0.9998833828254311,0.9998975320232076,0.9988711257788631,0.9996194310662405
0.9993679466739315,0.9987286402782822,0.9995372730973612,0.9999069211686196,0.9998430676509579,0.9995468176106126,0.9996205549121654
0.999362112217528,0.9987248174755615,0.9996621319369349,0.9997477538599089,0.9998433293864382,0.9990562845077018,0.9998309073854897
0.9985847197454352,0.9963470154194503,0.9989803669782336,0.999916547930944,0.9997962624682901,0.9996473396496245,0.9993351162868818
0.9979646081316849,0.9971757705169958,0.9978168679085292,0.9998917694597739,0.9996989073477629,0.9995973958516259,0.9989810739350018
0.997305055722603,0.9960873302126315,0.9993121987255399,0.9997135971109097,0.9997072282897618,0.9998358922010269,0.9989814899249105
0.9973519530220739,0.9977686741865941,0.9983735368788564,0.9994615129021196,0.9994097615487197,0.9966379808326212,0.9984353423694612
0.9982813541336306,0.9963338525676971,0.9996834914140224,0.9998251053110888,0.9997491472784447,0.9997659425782859,0.9996133271799046
0.9993255192827244,0.9983369678791323,0.9989390214785522,0.999822104329481,0.9995619026052136,0.9991624809645773,0.9993355714993071
0.9985903313355166,0.9984087687324917,0.9995087165350498,0.9999018145805488,0.9999211823717826,0.9998851437086097,0.9998061264271043
0.9974821461298962,0.9989657707040197,0.9983795428076745,0.9998665914354888,0.9998521549254004,0.9993884234764429,0.9990295727020585
0.9930866832849853,0.9878049017180189,0.9984134356635065,0.9996450429511776,0.9997781602076347,0.9998755010067668,0.9994233642343096
0.9985942571450529,0.997157698350145,0.998768602853789,0.9999065236348638,0.9998311437642593,0.9994542370789115,0.9996657524992499
0.9983910480221466,0.999440346956483,0.9995259751114486,0.9998893908630758,0.9999547820443556,0.9994482368887694,0.9998182680594893
0.997514952931019,0.9936934575217502,0.99896208699517,0.999814128800826,0.9999430669188604,0.9996692860035689,0.9998140343692697
0.9987477673959152,0.9986880850194518,0.9995973905398233,0.9998520793847109,0.9998429195395484,0.9996413775768503,0.999797356669311
0.9959289233629016,0.9971722232976319,0.9995441769180031,0.9996830301211199,0.9998994967367899,0.9997651978897578,0.9989271456381666
0.9980743542843167,0.9955352746156566,0.9997257186658699,0.9997978763154756,0.9997531992957513,0.9998256945933962,0.9991387106765316
0.9984917354493424,0.9977838603299616,0.998044325733132,0.9998852203517886,0.9998144223210168,0.9996426309008399,0.9996852417987271
0.9996052830139881,0.9990357384802904,0.9992919583650052,0.9999354254575495,0.9998682142294368,0.9998444661188256,0.9998044749062418
0.9990475470207898,0.9994434569326297,0.9987399196308757,0.999649739941465,0.999710369793202,0.9991635880479092,0.9983718677544204
0.9989262250936914,0.9943193631203479,0.9994057882479088,0.999714778805312,0.9994822951208913,0.9997338488736341,0.9994065684470422
0.9996022398419767,0.9987526469603216,0.9998294577860916,0.9999036893557864,0.9999102608569057,0.999907021359894,0.9998436839232837
0.9979442390588796,0.9972649589850479,0.9979258466947739,0.9999154150756596,0.9996165492581519,0.9995198349492784,0.9983621970456277
0.9967443634337619,0.9991387613234718,0.9997117216407981,0.9999445600193666,0.9999316086442899,0.9991068627479763,0.9989112314750963
0.9974335785280916,0.9963741884445443,0.9989299354679178,0.9999364517614974,0.9998924367025673,0.9993535281283533,0.9996245630823524
0.998825072962692,0.9983761662869095,0.9996442639940482,0.9999460109272857,0.9999176040503659,0.9996738977573115,0.9997977381721995
0.9990877003801374,0.998646722250825,0.9993809502092462,0.9998923044319753,0.9999507985956514,0.9993899951322491,0.9998243700669635
0.9984498906313221,0.9981172120565592,0.9995988007555953,0.9999414106060873,0.9997266908073259,0.9996608240360612,0.9991535644517192
0.996830421085783,0.9989548720833755,0.9996890786332338,0.9998632791236233,0.999861378572741,0.9994328083632039,0.9993705904878721
0.9949740039982597,0.9961899624486823,0.9949417632528923,0.9997834647311038,0.9997479247185694,0.9977835025381947,0.9986635241016896
0.9976515212066497,0.9987410333464949,0.9987669862538809,0.9998903808554266,0.9999028168873357,0.9976232166312915,0.9994773012915548
0.9990921514830529,0.998710632485533,0.9993439692599281,0.9999531609765361,0.9999625935861016,0.9999241542840115,0.9998170419576806
0.9988580886270737,0.9976821608305548,0.9994921913704206,0.999930120963814,0.9999075363095443,0.9996236422057991,0.9995843513414632
0.9991565827680303,0.9987621100467043,0.9998023866880429,0.9999218798085013,0.9999164476957241,0.9998307328636312,0.9998602919817338
0.9984053524512311,0.9986161862440618,0.9964008242027206,0.9999473547634337,0.9997695341403479,0.9995307023546297,0.9995809677650518
0.9998079587920088,0.9993405781722767,0.9997492074854042,0.9999230271962282,0.9998995790005908,0.999916861073183,0.999714906037654
0.9995199946980188,0.9987775491890825,0.999231325460213,0.9999437357274173,0.9999339656218655,0.9996669383062629,0.9998127192639138
0.998857859024266,0.9993718230057762,0.9997145072109114,0.9999451352030504,0.9999576347005543,0.9997284879967437,0.9998210622812818
0.9990906046359657,0.9986518577951167,0.999717306479547,0.999817199924733,0.9999128375182054,0.9998474805137751,0.9993608979925175
0.9975886682582105,0.9985392795666499,0.9997619005767336,0.9998132150486003,0.9998873520039312,0.9992311794149977,0.999793715240292
0.9954014415673813,0.9903582004848762,0.9983660495091,0.9995085798017258,0.9996697963388754,0.9984394754181029,0.9994309218885149
0.9994043579330772,0.9983180318235118,0.9996457974137699,0.9998670566874817,0.9997334758143348,0.9996331380100881,0.9995273972519991
0.9996765238985769,0.9993286760567904,0.9993895938018988,0.9998782387751147,0.9999102995291246,0.999346761130804,0.999740352508963
0.9984528395697221,0.9980429162374669,0.9992545972761014,0.9997739754429954,0.9997521623394997,0.9986486987934176,0.9994807656827158
0.9977739719878773,0.998599088652866,0.9985851935218575,0.9998732923365906,0.9998191531013234,0.9992410929195518,0.9987610310294076
0.999178815988429,0.9986251550612889,0.9990432601973367,0.9997693949999579,0.9997398291051981,0.9992796582900617,0.9993217157131491
0.9985115991791292,0.9969310533849649,0.9989522907841919,0.9998501671689121,0.9997999899848944,0.9988236250431546,0.9997089034008692
0.9993424027289068,0.9979450228574417,0.9998910283396831,0.9999028210110319,0.9999166548561528,0.9998445535228743,0.9998808567769765
0.9994089407504677,0.9991979051175642,0.997836741500158,0.9999355650260934,0.9999258323724489,0.9987541657384378,0.9996251119111417
0.9967755247348707,0.9988546781490716,0.9993591837837925,0.999857333728377,0.9999294417420933,0.999025657829649,0.9995504683508595
0.9992652323552889,0.9990231664205015,0.9996174209733144,0.999872114086941,0.9999109654708003,0.9992088533201388,0.9996714623899243
0.996381249478753,0.9879683671385937,0.9993910264051012,0.9995940906383657,0.9996706285538898,0.9999028287183517,0.9991981059805735
0.9979555010322078,0.9955984422900952,0.998936868986292,0.9999335502405235,0.9998119289271103,0.999609754643588,0.9995898568228615
0.9989796885890639,0.9992346774145533,0.999348810692789,0.9999090494226774,0.9999088615376274,0.9993811341580592,0.9997119480441178
0.998928031726307,0.9994343287845215,0.9997911271518015,0.9999630773925859,0.9999408115185994,0.9998214551968634,0.9997912478634746
0.9989998584924359,0.9976230899090704,0.9995807044749958,0.9998072427239586,0.999664229304752,0.9995533086710634,0.9993493610107088
0.9984980672266965,0.9969670607623652,0.9994423072014142,0.9998920167860477,0.999926259520588,0.9998221562847804,0.9998251516568347
0.9991880240649714,0.9996804803067969,0.9992706815958217,0.9997865529475177,0.9998535380176846,0.9993562002638279,0.9996170404472952
0.9945665359496574,0.9958655026499965,0.997454047551739,0.9995719396279692,0.9994796885619701,0.9986607690275017,0.9978958215504948
0.9996149795987822,0.9976410802353246,0.9995894481978194,0.9999330383982588,0.9999506745423887,0.9995905105769808,0.9998647303613446
0.9983666947741822,0.9984999043096089,0.9996955023316182,0.9998854268382864,0.999889244070808,0.9997776372772942,0.9998304443641919
0.9993301986258603,0.9984327860793049,0.9995396392368424,0.9999307304549285,0.9998362225150363,0.999859300684368,0.9996611614633821
0.9992236645222539,0.997641737535145,0.9998403517755408,0.9999041813535098,0.9998780782840639,0.9999398641684295,0.9998734241037727
0.999554216606962,0.9995733937326168,0.9993858969075724,0.9997631954676903,0.9998829401950641,0.9989080899919835,0.9995993958068174
0.992832780430667,0.9906305925735058,0.9986096567091296,0.9995013024974138,0.9999177904361984,0.9994777773728998,0.9995047581437889
0.9983584753994603,0.9983238444183063,0.998383116720173,0.9998235532263232,0.9999325347157875,0.9993050849313301,0.9993040452695907
0.9980242535302875,0.9966563458634482,0.9990112147356182,0.9997699904506178,0.9997557753887497,0.9987362486926467,0.9992748832789247
0.9990119105608165,0.9997829722327933,0.9997143674049687,0.9998998673754397,0.9999445539784971,0.9998359999728924,0.999690210472465
0.9996814633065584,0.9977703352861493,0.9994293697305249,0.9997789756351101,0.999623740475351,0.999610398010089,0.9994140196918989
0.999101231190214,0.9968105481075527,0.9997204631722448,0.999848421079112,0.9998086318860228,0.9995547268613747,0.9998224124716244
0.9994783467252455,0.9986848975732563,0.9996586971951414,0.9999561971483533,0.9998378264828959,0.9996362417307514,0.9993949238798867
0.9995830764097502,0.9987344449071696,0.9994654137802058,0.9997741587432694,0.9998737550213002,0.9991618471763771,0.9993083414235718
0.9993372172165238,0.9986465474179476,0.9994765482587923,0.9996307282705316,0.9997889519132582,0.9992728829889497,0.9993313129957212
0.997264109191854,0.9974417459278792,0.9993963599605667,0.9998865342788241,0.9998980840866896,0.9998474992883077,0.9997170936548203
0.9963295610439018,0.9958766535770022,0.9966455167594485,0.9992938103065617,0.9994924962224864,0.9973976146347028,0.9973164315886761
0.9976209966902352,0.9989484720439651,0.99953513339762,0.9998683884509871,0.9998855467272827,0.9997781965138166,0.9994761855310942
0.9987810819291357,0.9987557530591961,0.9996615749291377,0.999932234729933,0.9999012510550964,0.9998081635135185,0.9998905611746235
0.9997049331208805,0.9996972266356582,0.9996780997146407,0.9999332533469165,0.9999330684016469,0.9998341720844673,0.9999413238078838
0.9984038965403917,0.997324144232892,0.9995882431344184,0.9999451829901851,0.999926670548937,0.9997422660101325,0.9997490169123416
0.9986952015078823,0.9980885819212856,0.9993397593525876,0.9998541340750224,0.9998389331174307,0.9993475482864104,0.9996712803224918
0.9997102491664346,0.9991853436735529,0.9991292733431996,0.9998507092195337,0.999768957167433,0.9997973744633952,0.9997342543701753
0.9981096633157361,0.998556441406233,0.9993938468323361,0.9998889727479757,0.999694811942684,0.9994119576907213,0.999090573143833
0.9985228078319714,0.9989784825728766,0.9985006028944989,0.9998614108855808,0.9999170845047611,0.9985467785083962,0.9996320026575548
0.9984697339292717,0.9975945512891846,0.9995115724022684,0.9998901678950267,0.9999498798091945,0.9998321081343529,0.9997467591872329
0.9985303641715005,0.9967802444571929,0.999756271770436,0.9997526421747567,0.9997324189810901,0.999703571104033,0.999538979014933
0.9996093390442271,0.9996111649335443,0.9993976705857568,0.9998723140936319,0.9999326631574527,0.9998400362979373,0.9997391617077745
0.9985133138053051,0.9984924520465177,0.9992901151568524,0.9999561195867902,0.9999262937596002,0.9996405127472477,0.9998820748116886
0.9961306966869142,0.9923883078662021,0.9994011187508106,0.999529423645625,0.9993119199322884,0.9988469801661681,0.9993967221855763
0.99874725673235,0.9957403843058998,0.9994451356927909,0.9999020254300582,0.999700966752312,0.9999057205933335,0.9994339497639663
0.9991570754080562,0.9991353024752568,0.9997936254093609,0.9999424138542531,0.9999512471099649,0.9995926115601435,0.9998334732471753
0.9972974807266769,0.9983321234185069,0.997744358747186,0.9999594031508862,0.9999642327942547,0.9993961965888425,0.9989122613495742
